"교수명","직접 검색어","해당 교수 순위","상위 3명","상위 5명","결과 수","포함 여부"
"권혁준","반도체 소자","1","권혁준 | 장재은 | 최상현","권혁준 | 장재은 | 최상현 | 이병문","4","Y"
"권혁준","반도체 공정","1","권혁준 | 최상현 | 장재은","권혁준 | 최상현 | 장재은 | 이병문","4","Y"
"권혁준","semiconductor device","1","권혁준 | 최상현 | 장재은","권혁준 | 최상현 | 장재은 | 이병문","4","Y"
"권혁준","semiconductor fabrication","1","권혁준 | 최상현 | 장재은","권혁준 | 최상현 | 장재은 | 이병문","4","Y"
"권혁준","레이저 반도체 공정","1","권혁준 | 최상현 | 장재은","권혁준 | 최상현 | 장재은 | 이병문","4","Y"
"권혁준","laser fabrication","1","권혁준","권혁준","1","Y"
"권혁준","산화물 반도체","1","권혁준 | 최상현 | 장재은","권혁준 | 최상현 | 장재은 | 이병문","4","Y"
"권혁준","oxide semiconductor","1","권혁준","권혁준","1","Y"
"권혁준","유연 전자소자","1","권혁준 | 이병문","권혁준 | 이병문","2","Y"
"권혁준","flexible electronics","1","권혁준 | 이병문","권혁준 | 이병문","2","Y"
"권혁준","AI 소자","1","권혁준 | 목지수 | 박대희","권혁준 | 목지수 | 박대희 | 배인환 | 소진현","10","Y"
"권혁준","ai device","1","권혁준 | 목지수 | 박대희","권혁준 | 목지수 | 박대희 | 소진현 | 배인환","10","Y"
"길현재","HCI","1","길현재 | 김선준","길현재 | 김선준","2","Y"
"길현재","UX","1","길현재 | 김선준","길현재 | 김선준","2","Y"
"길현재","사용자 경험","1","길현재 | 김선준","길현재 | 김선준","2","Y"
"길현재","human computer interaction","1","길현재 | 김선준","길현재 | 김선준","2","Y"
"길현재","user experience","1","길현재 | 김선준","길현재 | 김선준","2","Y"
"길현재","VR","1","길현재 | 김선준","길현재 | 김선준","2","Y"
"길현재","AR","1","길현재 | 김선준","길현재 | 김선준","2","Y"
"길현재","가상현실","1","길현재 | 김선준","길현재 | 김선준","2","Y"
"길현재","증강현실","1","길현재 | 김선준","길현재 | 김선준","2","Y"
"길현재","멀티센서리 인터랙션","1","길현재","길현재","1","Y"
"길현재","multisensory interaction","1","길현재","길현재","1","Y"
"길현재","햅틱","1","길현재 | 김선준","길현재 | 김선준","2","Y"
"길현재","haptics","1","길현재 | 김선준","길현재 | 김선준","2","Y"
"김가인","회로설계","2","이정협 | 김가인 | 송민영","이정협 | 김가인 | 송민영 | 윤종혁 | 이경태","5","Y"
"김가인","아날로그 회로","2","이정협 | 김가인 | 송민영","이정협 | 김가인 | 송민영 | 윤종혁 | 이경태","5","Y"
"김가인","analog circuit","1","김가인 | 송민영 | 이정협","김가인 | 송민영 | 이정협 | 윤종혁 | 이경태","5","Y"
"김가인","혼성신호 회로","1","김가인 | 이정협 | 윤종혁","김가인 | 이정협 | 윤종혁 | 송민영 | 이경태","5","Y"
"김가인","mixed signal circuit","1","김가인 | 윤종혁 | 송민영","김가인 | 윤종혁 | 송민영 | 이정협 | 이경태","5","Y"
"김가인","집적회로","3","윤종혁 | 이정협 | 김가인","윤종혁 | 이정협 | 김가인 | 송민영 | 이경태","5","Y"
"김가인","IC design","2","이정협 | 김가인 | 송민영","이정협 | 김가인 | 송민영 | 윤종혁 | 이경태","5","Y"
"김가인","통신 회로","1","김가인 | 최지웅 | 서대원","김가인 | 최지웅 | 서대원 | 송민영 | 신동훈","6","Y"
"김가인","communication circuit","1","김가인 | 이정협","김가인 | 이정협","2","Y"
"김가인","고속 유선 트랜시버","1","김가인","김가인","1","Y"
"김가인","wireline transceiver","1","김가인","김가인","1","Y"
"김가인","SerDes","1","김가인 | 이정협 | 송민영","김가인 | 이정협 | 송민영 | 윤종혁 | 이경태","5","Y"
"김가인","ADC","2","이정협 | 김가인 | 송민영","이정협 | 김가인 | 송민영 | 윤종혁 | 이경태","5","Y"
"김가인","멀티칩 하드웨어 가속기","1","김가인","김가인","1","Y"
"김가인","hardware accelerator","1","김가인","김가인","1","Y"
"김경대","자율시스템","1","김경대 | 박대희 | 김백규","김경대 | 박대희 | 김백규 | 은용순 | 박경준","5","Y"
"김경대","autonomous system","1","김경대 | 박대희 | 은용순","김경대 | 박대희 | 은용순 | 박경준 | 김백규","5","Y"
"김경대","자율 시스템 계획","1","김경대 | 박대희 | 은용순","김경대 | 박대희 | 은용순 | 박경준 | 김백규","5","Y"
"김경대","planning of autonomous systems","1","김경대 | 박대희 | 은용순","김경대 | 박대희 | 은용순 | 박경준 | 김백규","5","Y"
"김경대","자율 시스템 제어","1","김경대 | 은용순 | 박경준","김경대 | 은용순 | 박경준 | 박대희 | 김백규","5","Y"
"김경대","control of autonomous systems","1","김경대 | 박대희 | 은용순","김경대 | 박대희 | 은용순 | 박경준 | 김백규","5","Y"
"김경대","경로 계획","1","김경대","김경대","1","Y"
"김경대","path planning","1","김경대 | 박대희 | 은용순","김경대 | 박대희 | 은용순 | 박경준 | 김백규","5","Y"
"김경대","의사결정","1","김경대 | 박대희","김경대 | 박대희","2","Y"
"김경대","decision making","1","김경대 | 박대희","김경대 | 박대희","2","Y"
"김기섭","AI for software engineering","1","김기섭 | 전민석","김기섭 | 전민석","2","Y"
"김기섭","소프트웨어공학 AI","1","김기섭 | 전민석","김기섭 | 전민석","2","Y"
"김기섭","software engineering for AI","1","김기섭 | 전민석","김기섭 | 전민석","2","Y"
"김기섭","AI 소프트웨어공학","1","김기섭 | 전민석","김기섭 | 전민석","2","Y"
"김기섭","멀티에이전트 시스템","1","김기섭","김기섭","1","Y"
"김기섭","multi agent systems","1","김기섭","김기섭","1","Y"
"김기섭","소프트웨어 분석","1","김기섭 | 전민석","김기섭 | 전민석","2","Y"
"김기섭","software analytics","1","김기섭","김기섭","1","Y"
"김기섭","LLM 소프트웨어","1","김기섭 | 목지수 | 박대희","김기섭 | 목지수 | 박대희 | 배인환 | 윤성훈","7","Y"
"김기섭","대규모 언어모델 소프트웨어","1","김기섭 | 목지수 | 박대희","김기섭 | 목지수 | 박대희 | 배인환 | 윤성훈","7","Y"
"김백규","임베디드","1","김백규 | 좌훈승 | 박경준","김백규 | 좌훈승 | 박경준 | 송민영 | 신동훈","5","Y"
"김백규","임베디드 소프트웨어","1","김백규 | 좌훈승 | 박경준","김백규 | 좌훈승 | 박경준 | 송민영 | 신동훈","5","Y"
"김백규","embedded software","1","김백규 | 박경준 | 좌훈승","김백규 | 박경준 | 좌훈승 | 송민영 | 신동훈","5","Y"
"김백규","IoT","1","김백규 | 송민영 | 박경준","김백규 | 송민영 | 박경준 | 좌훈승 | 신동훈","5","Y"
"김백규","사물인터넷","1","김백규 | 송민영 | 박경준","김백규 | 송민영 | 박경준 | 좌훈승 | 신동훈","5","Y"
"김백규","internet of things","1","김백규 | 박경준 | 좌훈승","김백규 | 박경준 | 좌훈승 | 송민영 | 신동훈","5","Y"
"김백규","정형기법","1","김백규 | 김윤승","김백규 | 김윤승","2","Y"
"김백규","formal method","1","김백규 | 김윤승","김백규 | 김윤승","2","Y"
"김백규","소프트웨어 검증","1","김백규 | 김윤승","김백규 | 김윤승","2","Y"
"김백규","software verification","1","김백규","김백규","1","Y"
"김백규","사이버물리시스템","2","박경준 | 김백규 | 좌훈승","박경준 | 김백규 | 좌훈승 | 송민영 | 신동훈","5","Y"
"김백규","cyber physical system","1","김백규 | 박경준 | 좌훈승","김백규 | 박경준 | 좌훈승 | 송민영 | 신동훈","5","Y"
"김백규","CPS","1","김백규 | 박경준 | 좌훈승","김백규 | 박경준 | 좌훈승 | 송민영 | 신동훈","5","Y"
"김백규","자율시스템","3","김경대 | 박대희 | 김백규","김경대 | 박대희 | 김백규 | 은용순 | 박경준","5","Y"
"김선준","HCI","2","길현재 | 김선준","길현재 | 김선준","2","Y"
"김선준","human computer interaction","2","길현재 | 김선준","길현재 | 김선준","2","Y"
"김선준","스마트 입력장치","1","김선준 | 길현재","김선준 | 길현재","2","Y"
"김선준","smart input device","1","김선준","김선준","1","Y"
"김선준","텍스트 입력","1","김선준 | 길현재","김선준 | 길현재","2","Y"
"김선준","text entry","1","김선준","김선준","1","Y"
"김선준","터치스크린","1","김선준","김선준","1","Y"
"김선준","touch screen","1","김선준","김선준","1","Y"
"김선준","포인팅","1","김선준","김선준","1","Y"
"김선준","pointing","1","김선준","김선준","1","Y"
"김선준","인터랙션 디자인","1","김선준","김선준","1","Y"
"김영식","정보보안","1","김영식 | 최원석 | 신동훈","김영식 | 최원석 | 신동훈 | 박경준 | 최지웅","5","Y"
"김영식","보안","1","김영식 | 신동훈 | 최원석","김영식 | 신동훈 | 최원석 | 최지웅 | 박경준","5","Y"
"김영식","암호","2","최원석 | 김영식 | 신동훈","최원석 | 김영식 | 신동훈 | 박경준 | 최지웅","5","Y"
"김영식","cryptography","1","김영식 | 최원석 | 신동훈","김영식 | 최원석 | 신동훈 | 박경준 | 최지웅","5","Y"
"김영식","응용암호","1","김영식 | 최원석 | 신동훈","김영식 | 최원석 | 신동훈 | 박경준 | 최지웅","5","Y"
"김영식","applied cryptography","1","김영식 | 최원석 | 신동훈","김영식 | 최원석 | 신동훈 | 박경준 | 최지웅","5","Y"
"김영식","양자내성암호","2","최원석 | 김영식 | 신동훈","최원석 | 김영식 | 신동훈 | 박경준 | 최지웅","5","Y"
"김영식","post quantum cryptography","2","최원석 | 김영식 | 신동훈","최원석 | 김영식 | 신동훈 | 박경준 | 최지웅","5","Y"
"김영식","AI 보안","1","김영식","김영식","1","Y"
"김영식","ai security","1","김영식","김영식","1","Y"
"김영식","프라이버시","1","김영식 | 최원석 | 신동훈","김영식 | 최원석 | 신동훈 | 박경준 | 최지웅","5","Y"
"김영식","privacy enhancing technology","1","김영식 | 최원석 | 신동훈","김영식 | 최원석 | 신동훈 | 박경준 | 최지웅","5","Y"
"김영식","동형암호","1","김영식 | 최원석 | 신동훈","김영식 | 최원석 | 신동훈 | 박경준 | 최지웅","5","Y"
"김영식","homomorphic encryption","1","김영식 | 최원석 | 신동훈","김영식 | 최원석 | 신동훈 | 박경준 | 최지웅","5","Y"
"김영식","차량 보안","1","김영식 | 최지웅 | 최원석","김영식 | 최지웅 | 최원석 | 신동훈 | 박경준","5","Y"
"김영식","vehicular security","1","김영식 | 최지웅 | 신동훈","김영식 | 최지웅 | 신동훈 | 최원석 | 박경준","5","Y"
"김윤승","정형검증","1","김윤승 | 김백규","김윤승 | 김백규","2","Y"
"김윤승","formal verification","1","김윤승 | 김백규","김윤승 | 김백규","2","Y"
"김윤승","대화형 정리증명","1","김윤승 | 김백규","김윤승 | 김백규","2","Y"
"김윤승","interactive theorem proving","1","김윤승 | 김백규","김윤승 | 김백규","2","Y"
"김윤승","실시간 분산시스템","1","김윤승 | 좌훈승 | 소진현","김윤승 | 좌훈승 | 소진현 | 박경준 | 최원석","8","Y"
"김윤승","real time distributed systems","1","김윤승 | 좌훈승 | 소진현","김윤승 | 좌훈승 | 소진현 | 최원석 | 박경준","8","Y"
"김윤승","프로그래밍 언어","2","전민석 | 김윤승 | 이용우","전민석 | 김윤승 | 이용우 | 김기섭 | 신동훈","5","Y"
"김윤승","programming language","2","전민석 | 김윤승 | 이용우","전민석 | 김윤승 | 이용우 | 김기섭 | 신동훈","5","Y"
"김윤승","무결점 시스템","1","김윤승","김윤승","1","Y"
"목지수","LLM","1","목지수 | 김기섭 | 박대희","목지수 | 김기섭 | 박대희 | 배인환 | 윤성훈","7","Y"
"목지수","대규모 언어모델","1","목지수 | 김기섭 | 박대희","목지수 | 김기섭 | 박대희 | 배인환 | 윤성훈","7","Y"
"목지수","large language model","1","목지수 | 배인환 | 박대희","목지수 | 배인환 | 박대희 | 김기섭 | 윤성훈","7","Y"
"목지수","멀티모달","1","목지수 | 윤성훈 | 박대희","목지수 | 윤성훈 | 박대희 | 소진현 | 김기섭","7","Y"
"목지수","multimodal modeling","1","목지수 | 박대희 | 김기섭","목지수 | 박대희 | 김기섭 | 윤성훈 | 배인환","7","Y"
"목지수","멀티모달 LLM","1","목지수 | 박대희 | 김기섭","목지수 | 박대희 | 김기섭 | 윤성훈 | 배인환","7","Y"
"목지수","multimodal large language model","1","목지수 | 박대희 | 배인환","목지수 | 박대희 | 배인환 | 김기섭 | 윤성훈","7","Y"
"목지수","AI 에이전트","1","목지수 | 박대희 | 배인환","목지수 | 박대희 | 배인환 | 소진현 | 김기섭","10","Y"
"목지수","ai agent","1","목지수 | 박대희 | 배인환","목지수 | 박대희 | 배인환 | 소진현 | 김기섭","10","Y"
"목지수","비전 언어 행동 모델","1","목지수 | 배인환","목지수 | 배인환","2","Y"
"목지수","vision language action","1","목지수","목지수","1","Y"
"목지수","신뢰가능 AI","1","목지수 | 박대희 | 소진현","목지수 | 박대희 | 소진현 | 배인환 | 윤성훈","10","Y"
"목지수","trustworthy AI","1","목지수 | 박대희 | 배인환","목지수 | 박대희 | 배인환 | 소진현 | 윤성훈","10","Y"
"박경준","사이버물리시스템","1","박경준 | 김백규 | 좌훈승","박경준 | 김백규 | 좌훈승 | 송민영 | 신동훈","5","Y"
"박경준","cyber physical system","2","김백규 | 박경준 | 좌훈승","김백규 | 박경준 | 좌훈승 | 송민영 | 신동훈","5","Y"
"박경준","CPS","2","김백규 | 박경준 | 좌훈승","김백규 | 박경준 | 좌훈승 | 송민영 | 신동훈","5","Y"
"박경준","ROS","1","박경준 | 김백규 | 좌훈승","박경준 | 김백규 | 좌훈승 | 송민영 | 신동훈","5","Y"
"박경준","robot operating system","1","박경준 | 좌훈승 | 김백규","박경준 | 좌훈승 | 김백규 | 김윤승","4","Y"
"박경준","스마트 제조","1","박경준 | 김백규 | 좌훈승","박경준 | 김백규 | 좌훈승 | 송민영 | 신동훈","5","Y"
"박경준","smart manufacturing","1","박경준","박경준","1","Y"
"박경준","네트워크 제어 컴퓨팅 동시설계","1","박경준 | 서대원 | 최지웅","박경준 | 서대원 | 최지웅 | 신동훈 | 송민영","8","Y"
"박경준","사이버 물리 융합보안","1","박경준 | 김영식 | 최원석","박경준 | 김영식 | 최원석 | 신동훈 | 최지웅","5","Y"
"박대희","의사결정 AI","1","박대희 | 목지수 | 배인환","박대희 | 목지수 | 배인환 | 소진현 | 윤성훈","10","Y"
"박대희","decision making AI","1","박대희 | 목지수 | 배인환","박대희 | 목지수 | 배인환 | 소진현 | 윤성훈","10","Y"
"박대희","멀티모달 학습","1","박대희 | 목지수 | 윤성훈","박대희 | 목지수 | 윤성훈 | 김기섭 | 소진현","7","Y"
"박대희","multimodal learning","1","박대희 | 목지수 | 김기섭","박대희 | 목지수 | 김기섭 | 윤성훈 | 배인환","7","Y"
"박대희","컴퓨터비전","2","배인환 | 박대희","배인환 | 박대희","2","Y"
"박대희","computer vision","2","배인환 | 박대희","배인환 | 박대희","2","Y"
"박대희","자율시스템","2","김경대 | 박대희 | 김백규","김경대 | 박대희 | 김백규 | 은용순 | 박경준","5","Y"
"박대희","autonomous systems","1","박대희 | 김경대 | 은용순","박대희 | 김경대 | 은용순 | 박경준 | 김백규","5","Y"
"박대희","예측 계획","1","박대희","박대희","1","Y"
"박대희","prediction planning","1","박대희","박대희","1","Y"
"배인환","컴퓨터비전","1","배인환 | 박대희","배인환 | 박대희","2","Y"
"배인환","computer vision","1","배인환 | 박대희","배인환 | 박대희","2","Y"
"배인환","생성형 AI","1","배인환 | 목지수 | 박대희","배인환 | 목지수 | 박대희 | 김기섭 | 소진현","7","Y"
"배인환","generative AI","1","배인환 | 목지수 | 박대희","배인환 | 목지수 | 박대희 | 김기섭 | 소진현","7","Y"
"배인환","확산 모델","1","배인환 | 목지수 | 김기섭","배인환 | 목지수 | 김기섭 | 박대희 | 윤성훈","7","Y"
"배인환","diffusion model","1","배인환 | 목지수 | 박대희","배인환 | 목지수 | 박대희 | 김기섭 | 윤성훈","7","Y"
"배인환","3D 장면 이해","1","배인환 | 박대희","배인환 | 박대희","2","Y"
"배인환","3d scene understanding","1","배인환 | 박대희","배인환 | 박대희","2","Y"
"배인환","시각 언어 모델","1","배인환","배인환","1","Y"
"배인환","vision language model","1","배인환 | 목지수 | 박대희","배인환 | 목지수 | 박대희 | 김기섭 | 윤성훈","7","Y"
"배인환","Physical AI","1","배인환 | 윤성훈 | 목지수","배인환 | 윤성훈 | 목지수 | 박대희 | 소진현","10","Y"
"배인환","궤적 예측","1","배인환","배인환","1","Y"
"배인환","trajectory","1","배인환","배인환","1","Y"
"서대원","무선통신","1","서대원 | 최지웅 | 송민영","서대원 | 최지웅 | 송민영 | 신동훈 | 김가인","6","Y"
"서대원","wireless communications","1","서대원 | 최지웅 | 송민영","서대원 | 최지웅 | 송민영 | 신동훈 | 김가인","6","Y"
"서대원","정보이론","1","서대원 | 최지웅 | 송민영","서대원 | 최지웅 | 송민영 | 신동훈 | 김가인","6","Y"
"서대원","information theory","1","서대원 | 최지웅 | 신동훈","서대원 | 최지웅 | 신동훈 | 송민영 | 김가인","6","Y"
"서대원","머신러닝 이론","1","서대원 | 목지수 | 박대희","서대원 | 목지수 | 박대희 | 소진현 | 배인환","10","Y"
"서대원","machine learning theory","1","서대원 | 박대희 | 목지수","서대원 | 박대희 | 목지수 | 소진현 | 배인환","10","Y"
"서대원","네트워크 학습","1","서대원 | 최지웅 | 신동훈","서대원 | 최지웅 | 신동훈 | 송민영 | 김가인","6","Y"
"서대원","learning over networks","1","서대원 | 최지웅 | 송민영","서대원 | 최지웅 | 송민영 | 신동훈 | 김가인","6","Y"
"소진현","분산 AI","1","소진현 | 목지수 | 박대희","소진현 | 목지수 | 박대희 | 배인환 | 윤성훈","10","Y"
"소진현","distributed AI","1","소진현 | 목지수 | 박대희","소진현 | 목지수 | 박대희 | 배인환 | 윤성훈","10","Y"
"소진현","연합학습","1","소진현 | 목지수 | 박대희","소진현 | 목지수 | 박대희 | 배인환 | 윤성훈","10","Y"
"소진현","federated learning","1","소진현 | 박대희 | 목지수","소진현 | 박대희 | 목지수 | 배인환 | 윤성훈","10","Y"
"소진현","온디바이스 AI","1","소진현 | 목지수 | 박대희","소진현 | 목지수 | 박대희 | 배인환 | 윤성훈","10","Y"
"소진현","on device AI","1","소진현 | 목지수 | 박대희","소진현 | 목지수 | 박대희 | 배인환 | 윤성훈","10","Y"
"소진현","프라이버시 보존 머신러닝","1","소진현","소진현","1","Y"
"소진현","privacy preserving machine learning","1","소진현","소진현","1","Y"
"소진현","협업학습","1","소진현","소진현","1","Y"
"소진현","collaborative learning","1","소진현","소진현","1","Y"
"소진현","멀티모달 AI","1","소진현 | 윤성훈 | 목지수","소진현 | 윤성훈 | 목지수 | 박대희 | 배인환","7","Y"
"송민영","회로설계","3","이정협 | 김가인 | 송민영","이정협 | 김가인 | 송민영 | 윤종혁 | 이경태","5","Y"
"송민영","아날로그 회로","3","이정협 | 김가인 | 송민영","이정협 | 김가인 | 송민영 | 윤종혁 | 이경태","5","Y"
"송민영","analog circuit","2","김가인 | 송민영 | 이정협","김가인 | 송민영 | 이정협 | 윤종혁 | 이경태","5","Y"
"송민영","혼성신호","1","송민영 | 이정협 | 김가인","송민영 | 이정협 | 김가인 | 윤종혁 | 이경태","5","Y"
"송민영","mixed signal","1","송민영 | 이정협 | 김가인","송민영 | 이정협 | 김가인 | 윤종혁 | 이경태","5","Y"
"송민영","RFIC","1","송민영 | 이정협 | 김가인","송민영 | 이정협 | 김가인 | 윤종혁 | 이경태","5","Y"
"송민영","RF IC","1","송민영","송민영","1","Y"
"송민영","무선 집적회로","1","송민영 | 이정협 | 김가인","송민영 | 이정협 | 김가인 | 윤종혁 | 이경태","5","Y"
"송민영","wireless IC","1","송민영","송민영","1","Y"
"송민영","저전력 무선센서","1","송민영","송민영","1","Y"
"송민영","low power wireless sensor","1","송민영 | 이경태 | 이정협","송민영 | 이경태 | 이정협","3","Y"
"송민영","IoT","2","김백규 | 송민영 | 박경준","김백규 | 송민영 | 박경준 | 좌훈승 | 신동훈","5","Y"
"송민영","사물인터넷","2","김백규 | 송민영 | 박경준","김백규 | 송민영 | 박경준 | 좌훈승 | 신동훈","5","Y"
"송민영","ultra wideband","1","송민영","송민영","1","Y"
"송민영","UWB","1","송민영","송민영","1","Y"
"송민영","Cryo CMOS","1","송민영","송민영","1","Y"
"송민영","양자 센싱 회로","1","송민영","송민영","1","Y"
"신동훈","계산이론","1","신동훈","신동훈","1","Y"
"신동훈","theory of computation","1","신동훈","신동훈","1","Y"
"신동훈","계산기하","1","신동훈","신동훈","1","Y"
"신동훈","computational geometry","1","신동훈","신동훈","1","Y"
"신동훈","그래프이론","1","신동훈","신동훈","1","Y"
"신동훈","graph theory","1","신동훈","신동훈","1","Y"
"신동훈","무선센서네트워크","1","신동훈 | 최지웅 | 서대원","신동훈 | 최지웅 | 서대원 | 송민영 | 김가인","6","Y"
"신동훈","wireless sensor network","1","신동훈 | 서대원 | 송민영","신동훈 | 서대원 | 송민영 | 최지웅 | 김가인","6","Y"
"신동훈","주요 인프라 보안","1","신동훈 | 김영식 | 최원석","신동훈 | 김영식 | 최원석 | 박경준 | 최지웅","5","Y"
"신동훈","critical infrastructure security","1","신동훈 | 김영식 | 최원석","신동훈 | 김영식 | 최원석 | 최지웅 | 박경준","5","Y"
"신동훈","ICS 보안","1","신동훈 | 김영식 | 최원석","신동훈 | 김영식 | 최원석 | 박경준 | 최지웅","5","Y"
"신동훈","산업제어시스템 보안","1","신동훈 | 박경준","신동훈 | 박경준","2","Y"
"윤성훈","멀티모달 AI","2","소진현 | 윤성훈 | 목지수","소진현 | 윤성훈 | 목지수 | 박대희 | 배인환","7","Y"
"윤성훈","multimodal AI","1","윤성훈 | 목지수 | 박대희","윤성훈 | 목지수 | 박대희 | 배인환 | 김기섭","7","Y"
"윤성훈","의료 AI","1","윤성훈 | 장진호 | 황재윤","윤성훈 | 장진호 | 황재윤 | 이민선","4","Y"
"윤성훈","medical AI","1","윤성훈 | 장진호 | 황재윤","윤성훈 | 장진호 | 황재윤 | 이민선","4","Y"
"윤성훈","Physical AI","2","배인환 | 윤성훈 | 목지수","배인환 | 윤성훈 | 목지수 | 박대희 | 소진현","10","Y"
"윤성훈","robotics AI","1","윤성훈 | 목지수 | 박대희","윤성훈 | 목지수 | 박대희 | 배인환 | 소진현","10","Y"
"윤성훈","로봇 AI","1","윤성훈 | 박대희 | 목지수","윤성훈 | 박대희 | 목지수 | 배인환 | 소진현","10","Y"
"윤종혁","메모리 반도체","2","최상현 | 윤종혁 | 권혁준","최상현 | 윤종혁 | 권혁준 | 이효근","4","Y"
"윤종혁","인메모리 컴퓨팅","2","최상현 | 윤종혁 | 장재은","최상현 | 윤종혁 | 장재은","3","Y"
"윤종혁","in memory computing","2","최상현 | 윤종혁 | 장재은","최상현 | 윤종혁 | 장재은","3","Y"
"윤종혁","processing in memory","1","윤종혁 | 최상현 | 장재은","윤종혁 | 최상현 | 장재은","3","Y"
"윤종혁","PIM","1","윤종혁 | 최상현 | 장재은","윤종혁 | 최상현 | 장재은","3","Y"
"윤종혁","뉴로모픽","2","최상현 | 윤종혁 | 장재은","최상현 | 윤종혁 | 장재은","3","Y"
"윤종혁","neuromorphic","1","윤종혁 | 최상현 | 장재은","윤종혁 | 최상현 | 장재은","3","Y"
"윤종혁","AI 집적회로","1","윤종혁","윤종혁","1","Y"
"윤종혁","AI integrated IC","1","윤종혁 | 목지수 | 박대희","윤종혁 | 목지수 | 박대희 | 배인환 | 소진현","10","Y"
"윤종혁","집적회로","1","윤종혁 | 이정협 | 김가인","윤종혁 | 이정협 | 김가인 | 송민영 | 이경태","5","Y"
"윤종혁","회로설계","4","이정협 | 김가인 | 송민영","이정협 | 김가인 | 송민영 | 윤종혁 | 이경태","5","Y"
"윤종혁","혼성신호 회로","3","김가인 | 이정협 | 윤종혁","김가인 | 이정협 | 윤종혁 | 송민영 | 이경태","5","Y"
"윤종혁","mixed signal circuit","2","김가인 | 윤종혁 | 송민영","김가인 | 윤종혁 | 송민영 | 이정협 | 이경태","5","Y"
"윤종혁","엣지 지능","1","윤종혁 | 소진현","윤종혁 | 소진현","2","Y"
"윤종혁","edge intelligence","1","윤종혁","윤종혁","1","Y"
"윤종혁","고속 트랜시버","1","윤종혁 | 김가인","윤종혁 | 김가인","2","Y"
"윤종혁","transceiver IC","1","윤종혁","윤종혁","1","Y"
"윤종혁","clock data recovery","1","윤종혁","윤종혁","1","Y"
"은용순","강인 제어","1","은용순","은용순","1","Y"
"은용순","resilient control","1","은용순","은용순","1","Y"
"은용순","비선형 센서 액추에이터 제어","1","은용순","은용순","1","Y"
"은용순","nonlinear sensors and actuators","1","은용순","은용순","1","Y"
"은용순","네트워크 제어","1","은용순 | 서대원 | 최지웅","은용순 | 서대원 | 최지웅 | 신동훈 | 송민영","8","Y"
"은용순","networked control","1","은용순 | 최지웅 | 서대원","은용순 | 최지웅 | 서대원 | 송민영 | 신동훈","7","Y"
"은용순","준선형 제어","1","은용순","은용순","1","Y"
"은용순","quasi linear control","1","은용순","은용순","1","Y"
"은용순","지능형 교통시스템","1","은용순 | 김경대 | 박대희","은용순 | 김경대 | 박대희 | 박경준 | 김백규","5","Y"
"은용순","intelligent transportation system","1","은용순 | 김경대 | 박대희","은용순 | 김경대 | 박대희 | 박경준 | 김백규","5","Y"
"이경태","센서 IC","1","이경태","이경태","1","Y"
"이경태","sensor IC","1","이경태","이경태","1","Y"
"이경태","저전력 센서 회로","1","이경태 | 송민영 | 이정협","이경태 | 송민영 | 이정협","3","Y"
"이경태","low power sensor IC","1","이경태 | 송민영 | 이정협","이경태 | 송민영 | 이정협","3","Y"
"이경태","바이오메디컬 센서","1","이경태 | 이정협","이경태 | 이정협","2","Y"
"이경태","biomedical sensor","1","이경태","이경태","1","Y"
"이경태","배터리 관리 IC","1","이경태","이경태","1","Y"
"이경태","battery management IC","1","이경태","이경태","1","Y"
"이경태","BMS IC","1","이경태","이경태","1","Y"
"이경태","바이오메디컬 회로","1","이경태 | 이정협 | 이병문","이경태 | 이정협 | 이병문 | 장재은 | 송민영","8","Y"
"이경태","biomedical circuit","1","이경태 | 이병문 | 이정협","이경태 | 이병문 | 이정협 | 장재은 | 송민영","8","Y"
"이기준","확산광 단층촬영","1","이기준 | 장진호 | 이병권","이기준 | 장진호 | 이병권 | 황재윤 | 이민선","5","Y"
"이기준","diffuse optical tomography","1","이기준 | 이병권 | 황재윤","이기준 | 이병권 | 황재윤 | 장진호 | 이민선","5","Y"
"이기준","DOT","1","이기준","이기준","1","Y"
"이기준","생체광학","1","이기준 | 황재윤 | 장진호","이기준 | 황재윤 | 장진호 | 이병권 | 이민선","5","Y"
"이기준","biomedical optics","1","이기준 | 장진호 | 이병권","이기준 | 장진호 | 이병권 | 황재윤 | 이민선","5","Y"
"이기준","근적외선 분광","1","이기준 | 황재윤 | 장진호","이기준 | 황재윤 | 장진호 | 이병권 | 이민선","5","Y"
"이기준","NIRS","1","이기준 | 장진호 | 황재윤","이기준 | 장진호 | 황재윤 | 이병권 | 이민선","5","Y"
"이기준","기능성 근적외선 분광","1","이기준 | 황재윤 | 장진호","이기준 | 황재윤 | 장진호 | 이병권 | 이민선","5","Y"
"이기준","fNIRS","1","이기준","이기준","1","Y"
"이기준","스펙클 혈류","1","이기준","이기준","1","Y"
"이기준","speckle contrast","1","이기준","이기준","1","Y"
"이기준","양자광학","1","이기준","이기준","1","Y"
"이기준","quantum optics","1","이기준","이기준","1","Y"
"이기준","혈류 모니터링","1","이기준","이기준","1","Y"
"이민선","PET","1","이민선 | 장진호 | 황재윤","이민선 | 장진호 | 황재윤 | 이병권 | 이기준","6","Y"
"이민선","양전자방출단층촬영","1","이민선 | 장진호 | 황재윤","이민선 | 장진호 | 황재윤 | 이병권 | 이기준","6","Y"
"이민선","positron emission tomography","1","이민선","이민선","1","Y"
"이민선","방사선 의료영상","1","이민선 | 황재윤 | 장진호","이민선 | 황재윤 | 장진호 | 이병권 | 윤성훈","6","Y"
"이민선","radiation medical imaging","1","이민선 | 황재윤 | 장진호","이민선 | 황재윤 | 장진호 | 이병권 | 이기준","6","Y"
"이민선","나노포토닉 방사선 센서","1","이민선","이민선","1","Y"
"이민선","nanophotonic radiation sensor","1","이민선","이민선","1","Y"
"이민선","의료영상 정량화","1","이민선 | 황재윤 | 장진호","이민선 | 황재윤 | 장진호 | 이병권 | 윤성훈","6","Y"
"이민선","medical image quantification","1","이민선","이민선","1","Y"
"이민선","광자 수송 모델링","1","이민선","이민선","1","Y"
"이민선","photon transport","1","이민선","이민선","1","Y"
"이병권","OCT","1","이병권 | 장진호 | 황재윤","이병권 | 장진호 | 황재윤 | 이민선 | 이기준","5","Y"
"이병권","광간섭단층촬영","1","이병권 | 장진호 | 황재윤","이병권 | 장진호 | 황재윤 | 이민선 | 이기준","5","Y"
"이병권","optical coherence tomography","1","이병권","이병권","1","Y"
"이병권","망막 영상","1","이병권 | 장진호 | 황재윤","이병권 | 장진호 | 황재윤 | 이민선 | 이기준","6","Y"
"이병권","retinal imaging","1","이병권 | 장진호 | 황재윤","이병권 | 장진호 | 황재윤 | 이민선 | 이기준","6","Y"
"이병권","파장가변 레이저","1","이병권","이병권","1","Y"
"이병권","wavelength swept laser","1","이병권","이병권","1","Y"
"이병권","전산광학","1","이병권","이병권","1","Y"
"이병권","computational optics","1","이병권","이병권","1","Y"
"이병권","3D k space 영상처리","1","이병권","이병권","1","Y"
"이병권","푸리에 영상처리","1","이병권","이병권","1","Y"
"이병문","스킨 일렉트로닉스","1","이병문","이병문","1","Y"
"이병문","skin electronics","1","이병문 | 이경태 | 이정협","이병문 | 이경태 | 이정협 | 장재은 | 최지웅","8","Y"
"이병문","전자피부","1","이병문 | 이경태 | 이정협","이병문 | 이경태 | 이정협 | 장재은 | 최지웅","8","Y"
"이병문","bioelectronics","1","이병문 | 이경태 | 이정협","이병문 | 이경태 | 이정협 | 장재은 | 최지웅","8","Y"
"이병문","바이오전자","1","이병문 | 장재은 | 이경태","이병문 | 장재은 | 이경태 | 이정협 | 최지웅","8","Y"
"이병문","지능형 의수","1","이병문","이병문","1","Y"
"이병문","intelligent prosthetic","1","이병문","이병문","1","Y"
"이병문","유연 전자소자","2","권혁준 | 이병문","권혁준 | 이병문","2","Y"
"이병문","flexible electronics","2","권혁준 | 이병문","권혁준 | 이병문","2","Y"
"이병문","적층 제조","1","이병문","이병문","1","Y"
"이병문","additive manufacturing","1","이병문","이병문","1","Y"
"이용우","컴파일러","1","이용우 | 전민석 | 김윤승","이용우 | 전민석 | 김윤승 | 김기섭 | 신동훈","5","Y"
"이용우","compiler","1","이용우 | 전민석 | 김윤승","이용우 | 전민석 | 김윤승 | 김기섭 | 신동훈","5","Y"
"이용우","컴파일러 최적화","1","이용우 | 전민석 | 김윤승","이용우 | 전민석 | 김윤승 | 김기섭 | 신동훈","5","Y"
"이용우","compiler optimization","1","이용우 | 전민석 | 김윤승","이용우 | 전민석 | 김윤승 | 김기섭 | 신동훈","5","Y"
"이용우","동형암호 컴파일러","2","신동훈 | 이용우","신동훈 | 이용우","2","Y"
"이용우","homomorphic encryption compiler","2","신동훈 | 이용우","신동훈 | 이용우","2","Y"
"이용우","GPU 컴파일러","1","이용우 | 전민석 | 김윤승","이용우 | 전민석 | 김윤승 | 김기섭 | 신동훈","5","Y"
"이용우","AI 컴파일러","1","이용우 | 김기섭 | 전민석","이용우 | 김기섭 | 전민석","3","Y"
"이용우","도메인 특화 컴파일러","1","이용우 | 전민석 | 김윤승","이용우 | 전민석 | 김윤승 | 김기섭 | 신동훈","5","Y"
"이용우","domain specific compiler","1","이용우 | 전민석 | 김윤승","이용우 | 전민석 | 김윤승 | 김기섭 | 신동훈","5","Y"
"이용우","런타임 시스템","1","이용우","이용우","1","Y"
"이용우","runtime system","1","이용우","이용우","1","Y"
"이정협","회로설계","1","이정협 | 김가인 | 송민영","이정협 | 김가인 | 송민영 | 윤종혁 | 이경태","5","Y"
"이정협","아날로그 회로","1","이정협 | 김가인 | 송민영","이정협 | 김가인 | 송민영 | 윤종혁 | 이경태","5","Y"
"이정협","analog IC","1","이정협","이정협","1","Y"
"이정협","혼성신호 회로","2","김가인 | 이정협 | 윤종혁","김가인 | 이정협 | 윤종혁 | 송민영 | 이경태","5","Y"
"이정협","mixed signal IC","1","이정협 | 송민영 | 김가인","이정협 | 송민영 | 김가인 | 윤종혁 | 이경태","5","Y"
"이정협","집적회로","2","윤종혁 | 이정협 | 김가인","윤종혁 | 이정협 | 김가인 | 송민영 | 이경태","5","Y"
"이정협","IC design","1","이정협 | 김가인 | 송민영","이정협 | 김가인 | 송민영 | 윤종혁 | 이경태","5","Y"
"이정협","스마트 센서 시스템","1","이정협","이정협","1","Y"
"이정협","smart sensor system","1","이정협","이정협","1","Y"
"이정협","ADC","1","이정협 | 김가인 | 송민영","이정협 | 김가인 | 송민영 | 윤종혁 | 이경태","5","Y"
"이정협","저전력 회로","1","이정협 | 송민영 | 이경태","이정협 | 송민영 | 이경태","3","Y"
"이정협","low power circuit","1","이정협 | 송민영 | 이경태","이정협 | 송민영 | 이경태","3","Y"
"이정협","BCI 마이크로시스템","1","이정협 | 최지웅 | 이병문","이정협 | 최지웅 | 이병문 | 이경태 | 장재은","8","Y"
"이정협","body channel communication","1","이정협","이정협","1","Y"
"이효근","컴퓨터구조","1","이효근 | 윤종혁","이효근 | 윤종혁","2","Y"
"이효근","computer architecture","1","이효근 | 윤종혁","이효근 | 윤종혁","2","Y"
"이효근","자원 분리","1","이효근 | 윤종혁","이효근 | 윤종혁","2","Y"
"이효근","resource disaggregation","1","이효근 | 윤종혁","이효근 | 윤종혁","2","Y"
"이효근","메모리 기술","1","이효근 | 최상현 | 윤종혁","이효근 | 최상현 | 윤종혁 | 권혁준","4","Y"
"이효근","memory technologies","1","이효근","이효근","1","Y"
"이효근","메모리 시스템","1","이효근 | 윤종혁 | 최상현","이효근 | 윤종혁 | 최상현 | 권혁준","4","Y"
"이효근","memory system","1","이효근 | 윤종혁","이효근 | 윤종혁","2","Y"
"이효근","대규모 컴퓨터 시스템","1","이효근","이효근","1","Y"
"이효근","computer systems","1","이효근 | 박대희","이효근 | 박대희","2","Y"
"이효근","프로세서 구조","1","이효근 | 윤종혁","이효근 | 윤종혁","2","Y"
"이효근","server architecture","1","이효근","이효근","1","Y"
"장재은","반도체 소자","2","권혁준 | 장재은 | 최상현","권혁준 | 장재은 | 최상현 | 이병문","4","Y"
"장재은","advanced semiconductor device","1","장재은 | 권혁준 | 최상현","장재은 | 권혁준 | 최상현 | 이병문","4","Y"
"장재은","나노전자소자","1","장재은 | 권혁준 | 최상현","장재은 | 권혁준 | 최상현 | 이병문","4","Y"
"장재은","nanoelectronic device","1","장재은","장재은","1","Y"
"장재은","뉴로모픽","3","최상현 | 윤종혁 | 장재은","최상현 | 윤종혁 | 장재은","3","Y"
"장재은","인공뇌 하드웨어","1","장재은","장재은","1","Y"
"장재은","artificial brain hardware","1","장재은","장재은","1","Y"
"장재은","인공 감각 센서","1","장재은","장재은","1","Y"
"장재은","artificial sensor","1","장재은","장재은","1","Y"
"장재은","휴먼 머신 인터페이스","1","장재은","장재은","1","Y"
"장재은","human machine interface","1","장재은","장재은","1","Y"
"장재은","HMI","1","장재은","장재은","1","Y"
"장재은","햅틱 소자","3","길현재 | 김선준 | 장재은","길현재 | 김선준 | 장재은","3","Y"
"장재은","haptic device","1","장재은","장재은","1","Y"
"장재은","바이오전자","2","이병문 | 장재은 | 이경태","이병문 | 장재은 | 이경태 | 이정협 | 최지웅","8","Y"
"장준기","데이터마이닝","1","장준기 | 김기섭","장준기 | 김기섭","2","Y"
"장준기","data mining","1","장준기 | 김기섭","장준기 | 김기섭","2","Y"
"장준기","대규모 데이터 분석","1","장준기 | 김기섭","장준기 | 김기섭","2","Y"
"장준기","large scale data analytics","1","장준기 | 김기섭","장준기 | 김기섭","2","Y"
"장준기","텐서 마이닝","1","장준기 | 김기섭","장준기 | 김기섭","2","Y"
"장준기","tensor mining","1","장준기 | 김기섭","장준기 | 김기섭","2","Y"
"장준기","시계열 분석","1","장준기 | 김기섭","장준기 | 김기섭","2","Y"
"장준기","time series analysis","1","장준기 | 김기섭","장준기 | 김기섭","2","Y"
"장준기","응용 데이터과학","1","장준기","장준기","1","Y"
"장준기","applied data science","1","장준기","장준기","1","Y"
"장진호","초음파","1","장진호 | 황재윤","장진호 | 황재윤","2","Y"
"장진호","ultrasound","1","장진호 | 황재윤","장진호 | 황재윤","2","Y"
"장진호","의료 초음파","1","장진호 | 황재윤","장진호 | 황재윤","2","Y"
"장진호","medical ultrasound","1","장진호 | 황재윤","장진호 | 황재윤","2","Y"
"장진호","초음파 영상","1","장진호 | 황재윤","장진호 | 황재윤","2","Y"
"장진호","ultrasound imaging","1","장진호 | 황재윤","장진호 | 황재윤","2","Y"
"장진호","초음파 치료","1","장진호 | 황재윤","장진호 | 황재윤","2","Y"
"장진호","ultrasound therapy","1","장진호 | 황재윤","장진호 | 황재윤","2","Y"
"장진호","광음향 영상","1","장진호 | 황재윤 | 이병권","장진호 | 황재윤 | 이병권 | 이기준 | 이민선","5","Y"
"장진호","photoacoustic imaging","1","장진호 | 황재윤 | 이병권","장진호 | 황재윤 | 이병권 | 이민선 | 이기준","5","Y"
"장진호","초음파 센서","1","장진호 | 황재윤","장진호 | 황재윤","2","Y"
"장진호","ultrasound transducer","1","장진호 | 황재윤","장진호 | 황재윤","2","Y"
"장진호","의료영상 AI","2","황재윤 | 장진호 | 이민선","황재윤 | 장진호 | 이민선 | 윤성훈","4","Y"
"장진호","medical imaging AI","1","장진호 | 황재윤 | 이민선","장진호 | 황재윤 | 이민선 | 윤성훈","4","Y"
"장진호","생체신호 영상처리","1","장진호 | 최지웅 | 최재호","장진호 | 최지웅 | 최재호 | 황재윤 | 이병권","7","Y"
"전민석","프로그래밍 언어","1","전민석 | 김윤승 | 이용우","전민석 | 김윤승 | 이용우 | 김기섭 | 신동훈","5","Y"
"전민석","programming language","1","전민석 | 김윤승 | 이용우","전민석 | 김윤승 | 이용우 | 김기섭 | 신동훈","5","Y"
"전민석","소프트웨어공학","1","전민석 | 김기섭 | 이용우","전민석 | 김기섭 | 이용우 | 김윤승 | 신동훈","5","Y"
"전민석","software engineering","1","전민석 | 김기섭 | 이용우","전민석 | 김기섭 | 이용우 | 김윤승 | 신동훈","5","Y"
"전민석","프로그램 합성","1","전민석 | 이용우 | 김윤승","전민석 | 이용우 | 김윤승 | 김기섭 | 신동훈","5","Y"
"전민석","program synthesis","1","전민석 | 이용우 | 김윤승","전민석 | 이용우 | 김윤승 | 김기섭 | 신동훈","5","Y"
"전민석","도메인 특화 언어","1","전민석 | 이용우 | 김윤승","전민석 | 이용우 | 김윤승 | 김기섭 | 신동훈","5","Y"
"전민석","DSL","1","전민석 | 이용우 | 김윤승","전민석 | 이용우 | 김윤승 | 김기섭 | 신동훈","5","Y"
"전민석","머신러닝 프로그래밍 언어","1","전민석 | 김기섭","전민석 | 김기섭","2","Y"
"전민석","PL4ML","1","전민석","전민석","1","Y"
"전민석","설명가능 AI 프로그래밍","1","전민석 | 목지수 | 박대희","전민석 | 목지수 | 박대희 | 배인환 | 소진현","10","Y"
"좌훈승","운영체제","1","좌훈승 | 김백규 | 김윤승","좌훈승 | 김백규 | 김윤승 | 박경준","4","Y"
"좌훈승","operating system","1","좌훈승 | 박경준 | 김백규","좌훈승 | 박경준 | 김백규 | 김윤승","4","Y"
"좌훈승","실시간 시스템","1","좌훈승 | 김백규 | 김윤승","좌훈승 | 김백규 | 김윤승 | 박경준","4","Y"
"좌훈승","real time system","1","좌훈승 | 김윤승 | 김백규","좌훈승 | 김윤승 | 김백규 | 박경준","4","Y"
"좌훈승","실시간 AI 서비스","1","좌훈승 | 목지수 | 박대희","좌훈승 | 목지수 | 박대희 | 배인환 | 소진현","10","Y"
"좌훈승","real time AI","1","좌훈승 | 목지수 | 박대희","좌훈승 | 목지수 | 박대희 | 배인환 | 소진현","10","Y"
"좌훈승","사이버물리시스템","3","박경준 | 김백규 | 좌훈승","박경준 | 김백규 | 좌훈승 | 송민영 | 신동훈","5","Y"
"좌훈승","CPS","3","김백규 | 박경준 | 좌훈승","김백규 | 박경준 | 좌훈승 | 송민영 | 신동훈","5","Y"
"좌훈승","모바일 시스템","1","좌훈승 | 김백규 | 김윤승","좌훈승 | 김백규 | 김윤승 | 박경준","4","Y"
"좌훈승","mobile system","1","좌훈승 | 김백규 | 김윤승","좌훈승 | 김백규 | 김윤승 | 박경준","4","Y"
"좌훈승","실시간 컴퓨팅","1","좌훈승 | 김백규 | 박경준","좌훈승 | 김백규 | 박경준","3","Y"
"좌훈승","real time computing","1","좌훈승","좌훈승","1","Y"
"최상현","멤리스터","1","최상현 | 윤종혁 | 장재은","최상현 | 윤종혁 | 장재은","3","Y"
"최상현","memristor","1","최상현 | 윤종혁 | 장재은","최상현 | 윤종혁 | 장재은","3","Y"
"최상현","차세대 반도체 소자","1","최상현 | 권혁준 | 장재은","최상현 | 권혁준 | 장재은 | 이병문","4","Y"
"최상현","emerging semiconductor device","1","최상현 | 권혁준 | 장재은","최상현 | 권혁준 | 장재은 | 이병문","4","Y"
"최상현","뉴로모픽","1","최상현 | 윤종혁 | 장재은","최상현 | 윤종혁 | 장재은","3","Y"
"최상현","neuromorphic computing","1","최상현 | 윤종혁 | 장재은","최상현 | 윤종혁 | 장재은","3","Y"
"최상현","인메모리 컴퓨팅","1","최상현 | 윤종혁 | 장재은","최상현 | 윤종혁 | 장재은","3","Y"
"최상현","in memory computing","1","최상현 | 윤종혁 | 장재은","최상현 | 윤종혁 | 장재은","3","Y"
"최상현","메모리 반도체","1","최상현 | 윤종혁 | 권혁준","최상현 | 윤종혁 | 권혁준 | 이효근","4","Y"
"최상현","3D 소자 구조","1","최상현","최상현","1","Y"
"최상현","3d architecture","1","최상현","최상현","1","Y"
"최상현","스위칭 소자","1","최상현","최상현","1","Y"
"최상현","emerging switching device","1","최상현","최상현","1","Y"
"최상현","AI 가속기","1","최상현 | 목지수 | 박대희","최상현 | 목지수 | 박대희 | 배인환 | 소진현","10","Y"
"최상현","bio inspired computing","1","최상현","최상현","1","Y"
"최원석","정보보안","2","김영식 | 최원석 | 신동훈","김영식 | 최원석 | 신동훈 | 박경준 | 최지웅","5","Y"
"최원석","암호","1","최원석 | 김영식 | 신동훈","최원석 | 김영식 | 신동훈 | 박경준 | 최지웅","5","Y"
"최원석","cryptography","2","김영식 | 최원석 | 신동훈","김영식 | 최원석 | 신동훈 | 박경준 | 최지웅","5","Y"
"최원석","양자암호","1","최원석 | 김영식 | 신동훈","최원석 | 김영식 | 신동훈 | 박경준 | 최지웅","5","Y"
"최원석","quantum cryptography","1","최원석 | 김영식 | 신동훈","최원석 | 김영식 | 신동훈 | 박경준 | 최지웅","5","Y"
"최원석","양자내성암호","1","최원석 | 김영식 | 신동훈","최원석 | 김영식 | 신동훈 | 박경준 | 최지웅","5","Y"
"최원석","post quantum cryptography","1","최원석 | 김영식 | 신동훈","최원석 | 김영식 | 신동훈 | 박경준 | 최지웅","5","Y"
"최원석","분산 컴퓨팅","1","최원석 | 김윤승 | 소진현","최원석 | 김윤승 | 소진현 | 좌훈승 | 박경준","8","Y"
"최원석","distributed computing","1","최원석 | 김윤승 | 소진현","최원석 | 김윤승 | 소진현 | 좌훈승 | 박경준","8","Y"
"최원석","블록체인","1","최원석 | 김영식 | 신동훈","최원석 | 김영식 | 신동훈 | 박경준 | 최지웅","5","Y"
"최원석","blockchain","1","최원석 | 김영식 | 신동훈","최원석 | 김영식 | 신동훈 | 박경준 | 최지웅","5","Y"
"최원석","프라이버시 강화 기술","2","김영식 | 최원석 | 신동훈","김영식 | 최원석 | 신동훈 | 박경준 | 최지웅","5","Y"
"최원석","privacy enhancing technology","2","김영식 | 최원석 | 신동훈","김영식 | 최원석 | 신동훈 | 박경준 | 최지웅","5","Y"
"최원석","동형암호","2","김영식 | 최원석 | 신동훈","김영식 | 최원석 | 신동훈 | 박경준 | 최지웅","5","Y"
"최원석","homomorphic encryption","2","김영식 | 최원석 | 신동훈","김영식 | 최원석 | 신동훈 | 박경준 | 최지웅","5","Y"
"최재호","무선센싱","1","최재호 | 송민영","최재호 | 송민영","2","Y"
"최재호","wireless sensing","1","최재호 | 송민영","최재호 | 송민영","2","Y"
"최재호","레이더 신호처리","1","최재호","최재호","1","Y"
"최재호","radar signal processing","1","최재호","최재호","1","Y"
"최재호","센서융합","1","최재호 | 송민영","최재호 | 송민영","2","Y"
"최재호","sensor fusion","1","최재호 | 송민영","최재호 | 송민영","2","Y"
"최재호","Radio AI","1","최재호","최재호","1","Y"
"최재호","무선 AI","1","최재호 | 목지수 | 박대희","최재호 | 목지수 | 박대희 | 배인환 | 소진현","10","Y"
"최재호","원격센싱","1","최재호 | 송민영","최재호 | 송민영","2","Y"
"최재호","remote sensing","1","최재호 | 송민영","최재호 | 송민영","2","Y"
"최재호","디지털 휴먼","1","최재호","최재호","1","Y"
"최지웅","통신","1","최지웅 | 서대원 | 김가인","최지웅 | 서대원 | 김가인 | 송민영 | 신동훈","6","Y"
"최지웅","communications","1","최지웅 | 서대원 | 송민영","최지웅 | 서대원 | 송민영 | 신동훈 | 김가인","6","Y"
"최지웅","통신시스템","1","최지웅 | 서대원 | 송민영","최지웅 | 서대원 | 송민영 | 신동훈 | 김가인","6","Y"
"최지웅","communication system","1","최지웅 | 이정협","최지웅 | 이정협","2","Y"
"최지웅","신호처리","1","최지웅 | 최재호 | 황재윤","최지웅 | 최재호 | 황재윤 | 김가인 | 장진호","7","Y"
"최지웅","signal processing","1","최지웅 | 최재호 | 황재윤","최지웅 | 최재호 | 황재윤 | 김가인 | 장진호","7","Y"
"최지웅","5G","1","최지웅 | 서대원 | 송민영","최지웅 | 서대원 | 송민영 | 신동훈 | 김가인","6","Y"
"최지웅","6G","1","최지웅 | 서대원 | 송민영","최지웅 | 서대원 | 송민영 | 신동훈 | 김가인","6","Y"
"최지웅","V2X","1","최지웅 | 서대원 | 송민영","최지웅 | 서대원 | 송민영 | 신동훈 | 김가인","6","Y"
"최지웅","차량통신","1","최지웅 | 서대원 | 송민영","최지웅 | 서대원 | 송민영 | 신동훈 | 김가인","6","Y"
"최지웅","vehicular communication","1","최지웅","최지웅","1","Y"
"최지웅","차량 보안","2","김영식 | 최지웅 | 최원석","김영식 | 최지웅 | 최원석 | 신동훈 | 박경준","5","Y"
"최지웅","vehicular security","2","김영식 | 최지웅 | 신동훈","김영식 | 최지웅 | 신동훈 | 최원석 | 박경준","5","Y"
"최지웅","BCI","1","최지웅 | 이정협 | 이병문","최지웅 | 이정협 | 이병문 | 이경태 | 장재은","8","Y"
"최지웅","BMI","1","최지웅 | 이병문 | 이경태","최지웅 | 이병문 | 이경태 | 이정협 | 장재은","8","Y"
"최지웅","뇌 컴퓨터 인터페이스","1","최지웅","최지웅","1","Y"
"최지웅","생체신호 처리","1","최지웅 | 최재호 | 장진호","최지웅 | 최재호 | 장진호 | 황재윤 | 김가인","7","Y"
"황재윤","초음파","2","장진호 | 황재윤","장진호 | 황재윤","2","Y"
"황재윤","ultrasound","2","장진호 | 황재윤","장진호 | 황재윤","2","Y"
"황재윤","초음파 신호처리","1","황재윤 | 장진호","황재윤 | 장진호","2","Y"
"황재윤","ultrasound signal processing","1","황재윤 | 장진호","황재윤 | 장진호","2","Y"
"황재윤","다중의료영상","1","황재윤 | 장진호 | 이민선","황재윤 | 장진호 | 이민선 | 이병권 | 이기준","6","Y"
"황재윤","multimodal imaging","1","황재윤 | 목지수 | 박대희","황재윤 | 목지수 | 박대희 | 김기섭 | 윤성훈","7","Y"
"황재윤","의료영상","1","황재윤 | 이민선 | 장진호","황재윤 | 이민선 | 장진호 | 이병권 | 윤성훈","6","Y"
"황재윤","medical imaging","1","황재윤 | 장진호 | 이민선","황재윤 | 장진호 | 이민선 | 이병권 | 이기준","6","Y"
"황재윤","광학 분광영상","1","황재윤","황재윤","1","Y"
"황재윤","optical spectral imaging","1","황재윤","황재윤","1","Y"
"황재윤","의료영상 AI","1","황재윤 | 장진호 | 이민선","황재윤 | 장진호 | 이민선 | 윤성훈","4","Y"
"황재윤","AI medical image analysis","1","황재윤 | 목지수 | 박대희","황재윤 | 목지수 | 박대희 | 배인환 | 윤성훈","10","Y"
"황재윤","고주파 초음파","1","황재윤 | 장진호","황재윤 | 장진호","2","Y"
"황재윤","remote sensing AI","2","최재호 | 황재윤","최재호 | 황재윤","2","Y"