school,professor,old_summary_length,new_summary_length,display_summary
DGIST,박진희,102,44,"박진희 교수님은 AI/머신러닝, 반도체/전자소자, 로봇/제어 분야를 연구합니다."
DGIST,조창희,80,45,"조창희 교수님은 AI/머신러닝, 반도체/전자소자, 광학/이미징 분야를 연구합니다."
DGIST,홍정일,66,44,"홍정일 교수님은 AI/머신러닝, 반도체/전자소자, 로봇/제어 분야를 연구합니다."
DGIST,홍선기,73,45,"홍선기 교수님은 AI/머신러닝, 반도체/전자소자, 광학/이미징 분야를 연구합니다."
DGIST,허승정,102,44,"허승정 교수님은 AI/머신러닝, 반도체/전자소자, 로봇/제어 분야를 연구합니다."
DGIST,정낙천,63,44,"정낙천 교수님은 AI/머신러닝, 반도체/전자소자, 로봇/제어 분야를 연구합니다."
DGIST,정병혁,74,50,"정병혁 교수님은 반도체/전자소자, 촉매/전기화학/CO2, 바이오/의생명 분야를 연구합니다."
DGIST,강준구,108,45,"강준구 교수님은 AI/머신러닝, 반도체/전자소자, 광학/이미징 분야를 연구합니다."
DGIST,김아람,75,53,"김아람 교수님은 초전도체물리/초전동비정질, 응집물질물리 이론, AI/머신러닝 분야를 연구합니다."
DGIST,김종구,66,44,"김종구 교수님은 AI/머신러닝, 반도체/전자소자, 로봇/제어 분야를 연구합니다."
DGIST,김성균,93,50,"김성균 교수님은 AI/머신러닝, 반도체/전자소자, 촉매/전기화학/CO2 분야를 연구합니다."
DGIST,김소연,103,45,"김소연 교수님은 반도체/전자소자, 광학/이미징, 화학/소재합성 분야를 연구합니다."
DGIST,김영욱,62,45,"김영욱 교수님은 AI/머신러닝, 반도체/전자소자, 광학/이미징 분야를 연구합니다."
DGIST,권상일,87,44,"권상일 교수님은 AI/머신러닝, 반도체/전자소자, 로봇/제어 분야를 연구합니다."
DGIST,이재동,86,45,"이재동 교수님은 AI/머신러닝, 반도체/전자소자, 광학/이미징 분야를 연구합니다."
DGIST,이신범,40,48,"이신범 교수님은 AI/머신러닝, 반도체/전자소자, 배터리/에너지저장 분야를 연구합니다."
DGIST,이성기,71,44,"이성기 교수님은 AI/머신러닝, 반도체/전자소자, 로봇/제어 분야를 연구합니다."
DGIST,이성원,72,48,"이성원 교수님은 AI/머신러닝, 반도체/전자소자, 배터리/에너지저장 분야를 연구합니다."
DGIST,문혜원,60,50,"문혜원 교수님은 AI/머신러닝, 반도체/전자소자, 촉매/전기화학/CO2 분야를 연구합니다."
DGIST,남은주,50,45,"남은주 교수님은 AI/머신러닝, 반도체/전자소자, 광학/이미징 분야를 연구합니다."
DGIST,박기성,80,45,"박기성 교수님은 AI/머신러닝, 반도체/전자소자, 광학/이미징 분야를 연구합니다."
DGIST,서정필,53,45,"서정필 교수님은 AI/머신러닝, 반도체/전자소자, 광학/이미징 분야를 연구합니다."
DGIST,서상원,54,44,"서상원 교수님은 AI/머신러닝, 반도체/전자소자, 로봇/제어 분야를 연구합니다."
DGIST,성주영,85,45,"성주영 교수님은 AI/머신러닝, 반도체/전자소자, 광학/이미징 분야를 연구합니다."
DGIST,유천열,89,45,"유천열 교수님은 AI/머신러닝, 반도체/전자소자, 광학/이미징 분야를 연구합니다."
DGIST,권혁준,57,45,"권혁준 교수님은 AI/머신러닝, 반도체/전자소자, 광학/이미징 분야를 연구합니다."
DGIST,길현재,139,44,"길현재 교수님은 AI/머신러닝, 반도체/전자소자, 로봇/제어 분야를 연구합니다."
DGIST,김가인,109,45,"김가인 교수님은 AI/머신러닝, 반도체/전자소자, 뇌/신경과학 분야를 연구합니다."
DGIST,김경대,65,43,"김경대 교수님은 반도체/전자소자, 로봇/제어, 광학/이미징 분야를 연구합니다."
DGIST,김기섭,102,48,"김기섭 교수님은 AI/머신러닝, 광학/이미징, 보안/암호/소프트웨어 분야를 연구합니다."
DGIST,김백규,77,45,"김백규 교수님은 사이버물리 시스템, 사물인터넷, AI/머신러닝 분야를 연구합니다."
DGIST,김선준,70,47,"김선준 교수님은 AI/머신러닝, 반도체/전자소자, HCI/인터랙션 분야를 연구합니다."
DGIST,김영식,139,50,"김영식 교수님은 AI/머신러닝, 반도체/전자소자, 보안/암호/소프트웨어 분야를 연구합니다."
DGIST,김윤승,128,45,"김윤승 교수님은 AI/머신러닝, 반도체/전자소자, 광학/이미징 분야를 연구합니다."
DGIST,목지수,92,45,"목지수 교수님은 AI/머신러닝, 반도체/전자소자, 광학/이미징 분야를 연구합니다."
DGIST,박경준,98,44,"박경준 교수님은 AI/머신러닝, 반도체/전자소자, 로봇/제어 분야를 연구합니다."
DGIST,박대희,125,44,"박대희 교수님은 AI/머신러닝, 반도체/전자소자, 로봇/제어 분야를 연구합니다."
DGIST,배인환,119,45,"배인환 교수님은 AI/머신러닝, 반도체/전자소자, 뇌/신경과학 분야를 연구합니다."
DGIST,서대원,86,46,"서대원 교수님은 AI/머신러닝, 반도체/전자소자, 통신/신호처리 분야를 연구합니다."
DGIST,소진현,73,45,"소진현 교수님은 AI/머신러닝, 반도체/전자소자, 광학/이미징 분야를 연구합니다."
DGIST,송민영,207,45,"송민영 교수님은 AI/머신러닝, 반도체/전자소자, 광학/이미징 분야를 연구합니다."
DGIST,신동훈,110,43,"신동훈 교수님은 반도체/전자소자, 로봇/제어, 광학/이미징 분야를 연구합니다."
DGIST,윤성훈,70,44,"윤성훈 교수님은 AI/머신러닝, 반도체/전자소자, 로봇/제어 분야를 연구합니다."
DGIST,윤종혁,136,44,"윤종혁 교수님은 AI/머신러닝, 반도체/전자소자, 로봇/제어 분야를 연구합니다."
DGIST,은용순,146,44,"은용순 교수님은 AI/머신러닝, 반도체/전자소자, 로봇/제어 분야를 연구합니다."
DGIST,이경태,121,48,"이경태 교수님은 AI/머신러닝, 반도체/전자소자, 배터리/에너지저장 분야를 연구합니다."
DGIST,이기준,157,45,"이기준 교수님은 AI/머신러닝, 반도체/전자소자, 광학/이미징 분야를 연구합니다."
DGIST,이민선,123,45,"이민선 교수님은 AI/머신러닝, 반도체/전자소자, 광학/이미징 분야를 연구합니다."
DGIST,이병권,125,45,"이병권 교수님은 AI/머신러닝, 반도체/전자소자, 광학/이미징 분야를 연구합니다."
DGIST,이병문,106,54,"이병문 교수님은 차세대 유연성 소자 및 회로, AI/머신러닝, 반도체/전자소자 분야를 연구합니다."
DGIST,이용우,130,46,"이용우 교수님은 AI/머신러닝, 반도체/전자소자, 화학/소재합성 분야를 연구합니다."
DGIST,이정협,79,44,"이정협 교수님은 반도체/전자소자, 광학/이미징, 뇌/신경과학 분야를 연구합니다."
DGIST,이효근,90,46,"이효근 교수님은 보안/암호/소프트웨어, 컴퓨터과학, 컴퓨터시스템 분야를 연구합니다."
DGIST,임성훈,72,44,"임성훈 교수님은 AI/머신러닝, 반도체/전자소자, 로봇/제어 분야를 연구합니다."
DGIST,장재은,156,56,"장재은 교수님은 생체 신호 센싱 시스템, 생체 모방 디바이스, 나노 통신 디바이스 분야를 연구합니다."
DGIST,장준기,86,45,"장준기 교수님은 AI/머신러닝, 반도체/전자소자, 뇌/신경과학 분야를 연구합니다."
DGIST,장진호,166,48,"장진호 교수님은 AI/머신러닝, 반도체/전자소자, 배터리/에너지저장 분야를 연구합니다."
DGIST,전민석,106,45,"전민석 교수님은 AI/머신러닝, 반도체/전자소자, 광학/이미징 분야를 연구합니다."
DGIST,좌훈승,106,44,"좌훈승 교수님은 AI/머신러닝, 반도체/전자소자, 로봇/제어 분야를 연구합니다."
DGIST,최원석,168,50,"최원석 교수님은 AI/머신러닝, 반도체/전자소자, 보안/암호/소프트웨어 분야를 연구합니다."
DGIST,최재호,92,46,"최재호 교수님은 AI/머신러닝, 반도체/전자소자, 통신/신호처리 분야를 연구합니다."
DGIST,최지웅,117,64,"최지웅 교수님은 생체 신호 통신 및 신호 처리, 뇌-기계 인터페이스(BMI), 5G 모바일 통신 분야를 연구합니다."
DGIST,황재윤,174,47,"황재윤 교수님은 스마트 헬스케어, AI/머신러닝, 반도체/전자소자 분야를 연구합니다."
DGIST,최한경,59,67,"최한경 교수님은 동물 행동의 시간적 조직화와 그 신경과학적 기전, 사회 행동의 일주기적 조절, 뇌과학 분야를 연구합니다."
DGIST,고재원,107,42,"고재원 교수님은 뇌질환, 시냅스 신경과학, AI/머신러닝 분야를 연구합니다."
DGIST,김규형,103,55,"김규형 교수님은 분자 기전, 감각-운동/고유수용감각 회로와 행동 조절, 신경회로 분야를 연구합니다."
DGIST,김민환,203,48,"김민환 교수님은 시냅스와 신경회로, AI/머신러닝, 반도체/전자소자 분야를 연구합니다."
DGIST,김은경,145,59,"김은경 교수님은 뇌신경세포와 비만, 당뇨 등의 대사 질환 관련 연구, 뇌대사와 대사질환 분야를 연구합니다."
DGIST,문제일,162,59,"문제일 교수님은 감각신경계 기반 뇌융합과학, 후각 신경계, 감각정보처리와 생체리듬 연구 분야를 연구합니다."
DGIST,박포정,117,42,"박포정 교수님은 신경생리학, 반도체/전자소자, 로봇/제어 분야를 연구합니다."
DGIST,백명인,171,53,"백명인 교수님은 zebrafish 등), 신경회로와 행동연구, AI/머신러닝 분야를 연구합니다."
DGIST,서병창,190,51,"서병창 교수님은 분자전기생리, 간질 및 통증의 분자적 기전 연구, 시냅스 분야를 연구합니다."
DGIST,오용석,174,62,"오용석 교수님은 모노아민 (세로토닌, 도파민)에 의한 신경조절과 기분, 불안 장애 기전 연구 분야를 연구합니다."
DGIST,엄지원,194,42,"엄지원 교수님은 시냅스, AI/머신러닝, 반도체/전자소자 분야를 연구합니다."
DGIST,유성운,124,45,"유성운 교수님은 신경퇴화의 대사, 반도체/전자소자, 로봇/제어 분야를 연구합니다."
DGIST,유우경,110,48,"유우경 교수님은 계산신경과학, 생물물리학과 양자생물, AI/머신러닝 분야를 연구합니다."
DGIST,이광,155,35,"이광 교수님은 신경회로, 신경기록, 신경조절 분야를 연구합니다."
DGIST,이석규,157,46,"이석규 교수님은 플라스틱 생분해, 반도체/전자소자, 광학/이미징 분야를 연구합니다."
DGIST,이성배,117,61,"이성배 교수님은 퇴행성 뇌질환의 세포기전, 신경계 유지 및 리모델링 연구, 신경퇴화의 대사 분야를 연구합니다."
DGIST,이효상,115,61,"이효상 교수님은 정서적 행동을 매개하는 신경회로 연구, 신경회로와 행동연구, AI/머신러닝 분야를 연구합니다."
DGIST,정한빈,145,37,"정한빈 교수님은 구조생물학, 막단백질, 이온채널 분야를 연구합니다."
DGIST,조용철,151,47,"조용철 교수님은 신경퇴화의 대사, AI/머신러닝, 반도체/전자소자 분야를 연구합니다."
DGIST,현정호,124,49,"현정호 교수님은 신경회로와 행동연구, AI/머신러닝, 반도체/전자소자 분야를 연구합니다."
DGIST,윤동원,204,44,"윤동원 교수님은 AI/머신러닝, 반도체/전자소자, 로봇/제어 분야를 연구합니다."
DGIST,김기섭,196,39,"김기섭 교수님은 로보틱스, 로봇공학, 자율주행자동차 분야를 연구합니다."
DGIST,김동욱,155,44,"김동욱 교수님은 AI/머신러닝, 반도체/전자소자, 로봇/제어 분야를 연구합니다."
DGIST,김민수,71,44,"김민수 교수님은 AI/머신러닝, 반도체/전자소자, 로봇/제어 분야를 연구합니다."
DGIST,김봉훈,113,43,"김봉훈 교수님은 반도체/전자소자, 로봇/제어, 광학/이미징 분야를 연구합니다."
DGIST,김소희,155,44,"김소희 교수님은 AI/머신러닝, 반도체/전자소자, 로봇/제어 분야를 연구합니다."
DGIST,김회준,129,46,"김회준 교수님은 반도체/전자소자, 로봇/제어, 배터리/에너지저장 분야를 연구합니다."
DGIST,남강현,157,44,"남강현 교수님은 AI/머신러닝, 반도체/전자소자, 로봇/제어 분야를 연구합니다."
DGIST,노어진,169,44,"노어진 교수님은 AI/머신러닝, 반도체/전자소자, 로봇/제어 분야를 연구합니다."
DGIST,문인규,127,52,"문인규 교수님은 지능형 영상시스템, AI기반 영상분석, AI기반 암호시스템 분야를 연구합니다."
DGIST,박경서,98,44,"박경서 교수님은 AI/머신러닝, 반도체/전자소자, 로봇/제어 분야를 연구합니다."
DGIST,박석호,88,43,"박석호 교수님은 반도체/전자소자, 로봇/제어, 광학/이미징 분야를 연구합니다."
DGIST,박준혁,146,44,"박준혁 교수님은 AI/머신러닝, 반도체/전자소자, 로봇/제어 분야를 연구합니다."
DGIST,송석호,203,44,"송석호 교수님은 AI/머신러닝, 반도체/전자소자, 로봇/제어 분야를 연구합니다."
DGIST,송철,83,43,"송철 교수님은 AI/머신러닝, 반도체/전자소자, 로봇/제어 분야를 연구합니다."
DGIST,오세훈,199,51,"오세훈 교수님은 친인간적인 운동제어 설계연구, 인간 보조, AI/머신러닝 분야를 연구합니다."
DGIST,유재석,90,44,"유재석 교수님은 AI/머신러닝, 반도체/전자소자, 로봇/제어 분야를 연구합니다."
DGIST,이상훈,202,44,"이상훈 교수님은 AI/머신러닝, 반도체/전자소자, 로봇/제어 분야를 연구합니다."
DGIST,이성민,77,43,"이성민 교수님은 반도체/전자소자, 로봇/제어, 광학/이미징 분야를 연구합니다."
DGIST,이아형,136,44,"이아형 교수님은 AI/머신러닝, 반도체/전자소자, 로봇/제어 분야를 연구합니다."
DGIST,이옥균,147,44,"이옥균 교수님은 AI/머신러닝, 반도체/전자소자, 로봇/제어 분야를 연구합니다."
DGIST,이용석,125,44,"이용석 교수님은 AI/머신러닝, 반도체/전자소자, 로봇/제어 분야를 연구합니다."
DGIST,이재홍,127,44,"이재홍 교수님은 AI/머신러닝, 반도체/전자소자, 로봇/제어 분야를 연구합니다."
DGIST,임용섭,132,59,"임용섭 교수님은 자율 주행 및 비행 시스템 제어, 로봇공학 및 지능제어, AI/머신러닝 분야를 연구합니다."
DGIST,장경인,57,44,"장경인 교수님은 AI/머신러닝, 반도체/전자소자, 로봇/제어 분야를 연구합니다."
DGIST,정소현,112,52,"정소현 교수님은 마이크로유체역학 및 연성물질, 반도체/전자소자, 로봇/제어 분야를 연구합니다."
DGIST,한상윤,205,44,"한상윤 교수님은 AI/머신러닝, 반도체/전자소자, 로봇/제어 분야를 연구합니다."
DGIST,황민호,87,44,"황민호 교수님은 AI/머신러닝, 반도체/전자소자, 로봇/제어 분야를 연구합니다."
DGIST,위태웅,304,51,"위태웅 교수님은 COMSOL 기반 분석, AI/머신러닝, 반도체/전자소자 분야를 연구합니다."
DGIST,권혁진,277,44,"권혁진 교수님은 AI/머신러닝, 반도체/전자소자, 로봇/제어 분야를 연구합니다."
DGIST,이태훈,283,50,"이태훈 교수님은 AI/머신러닝, 반도체/전자소자, 촉매/전기화학/CO2 분야를 연구합니다."
DGIST,박인철,181,44,"박인철 교수님은 AI/머신러닝, 반도체/전자소자, 로봇/제어 분야를 연구합니다."
DGIST,허수미,124,46,"허수미 교수님은 AI/머신러닝, 반도체/전자소자, 바이오/의생명 분야를 연구합니다."
DGIST,김영규,188,44,"김영규 교수님은 에너지 저장 소재, 계면 분석, 실시간 해석 분야를 연구합니다."
DGIST,이종민,142,52,"이종민 교수님은 반도체/전자소자, 배터리/에너지저장, 촉매/전기화학/CO2 분야를 연구합니다."
DGIST,고서진,112,48,"고서진 교수님은 AI/머신러닝, 반도체/전자소자, 배터리/에너지저장 분야를 연구합니다."
DGIST,김승현,138,44,"김승현 교수님은 AI/머신러닝, 반도체/전자소자, 로봇/제어 분야를 연구합니다."
DGIST,김진수,128,48,"김진수 교수님은 AI/머신러닝, 반도체/전자소자, 배터리/에너지저장 분야를 연구합니다."
DGIST,김운혁,107,48,"김운혁 교수님은 AI/머신러닝, 반도체/전자소자, 배터리/에너지저장 분야를 연구합니다."
DGIST,호동해,118,48,"호동해 교수님은 AI/머신러닝, 반도체/전자소자, 배터리/에너지저장 분야를 연구합니다."
DGIST,김찬연,139,50,"김찬연 교수님은 AI/머신러닝, 반도체/전자소자, 촉매/전기화학/CO2 분야를 연구합니다."
DGIST,양지웅,168,49,"양지웅 교수님은 반도체/전자소자, 촉매/전기화학/CO2, 광학/이미징 분야를 연구합니다."
DGIST,박치영,136,46,"박치영 교수님은 AI/머신러닝, 반도체/전자소자, 화학/소재합성 분야를 연구합니다."
DGIST,최종민,102,44,"최종민 교수님은 AI/머신러닝, 반도체/전자소자, 로봇/제어 분야를 연구합니다."
DGIST,이주혁,154,46,"이주혁 교수님은 반도체/전자소자, 로봇/제어, 배터리/에너지저장 분야를 연구합니다."
DGIST,이호춘,111,64,"이호춘 교수님은 리튬이차전지, 이차전지용 신규 전극 및 전해액, 신규 에너지변환 및 저장 시스템 분야를 연구합니다."
DGIST,이종수,125,45,"이종수 교수님은 다기능성 나노재료, 무기물 태양전지, 열전소자 분야를 연구합니다."
DGIST,장윤희,179,48,"장윤희 교수님은 AI/머신러닝, 반도체/전자소자, 배터리/에너지저장 분야를 연구합니다."
DGIST,이윤구,80,49,"이윤구 교수님은 유기박막형 태양전지, AI/머신러닝, 반도체/전자소자 분야를 연구합니다."
DGIST,인수일,181,47,"인수일 교수님은 CO2 연료전환, AI/머신러닝, 반도체/전자소자 분야를 연구합니다."
DGIST,상가라쥬 샨무감,180,53,"상가라쥬 샨무감 교수님은 AI/머신러닝, 반도체/전자소자, 배터리/에너지저장 분야를 연구합니다."
DGIST,최승호,161,44,"최승호 교수님은 AI/머신러닝, 반도체/전자소자, 로봇/제어 분야를 연구합니다."
DGIST,홍승태,148,50,"홍승태 교수님은 Zn 이온 이차전지, 리튬 전고체전지, 반도체/전자소자 분야를 연구합니다."
DGIST,곽준명,71,39,"곽준명 교수님은 식물생물학, 발달생물학, 식물 노화 분야를 연구합니다."
DGIST,구재형,60,42,"구재형 교수님은 신경면역학, 뇌과학, 면역-신경 상호작용 분야를 연구합니다."
DGIST,기영훈,72,41,"기영훈 교수님은 암생물학, 유전체 안정성, DNA 손상 분야를 연구합니다."
DGIST,김민석,76,42,"김민석 교수님은 나노바이오의학, 바이오메디컬공학, 전자약 분야를 연구합니다."
DGIST,김민식,79,44,"김민식 교수님은 큐바이오 정밀의학, 정량생물학, 프로테오믹스 분야를 연구합니다."
DGIST,김유리,80,43,"김유리 교수님은 후성유전학, 유전체 생물학, 3D 크로마틴 분야를 연구합니다."
DGIST,김진해,67,42,"김진해 교수님은 구조생물학, 단백질 노화, NMR 분광학 분야를 연구합니다."
DGIST,김태완,63,38,"김태완 교수님은 줄기세포공학, 재생의학, 세포치료 분야를 연구합니다."
DGIST,남창훈,60,36,"남창훈 교수님은 노화생물학, 면역학, 면역노화 분야를 연구합니다."
DGIST,예경무,63,39,"예경무 교수님은 항체공학, 바이오치료제, 단백질공학 분야를 연구합니다."
DGIST,우혜련,63,43,"우혜련 교수님은 식물분자생물학, 식물 신호전달, 식물 노화 분야를 연구합니다."
DGIST,이병훈,62,41,"이병훈 교수님은 단백질 항상성, 신약개발, 단백질 분해 분야를 연구합니다."
DGIST,이상임,65,39,"이상임 교수님은 동물생태학, 행동생태학, 인지생태학 분야를 연구합니다."
DGIST,이송이,69,41,"이송이 교수님은 화학생물학, 단백질공학, 생체분자 설계 분야를 연구합니다."
DGIST,이영삼,47,41,"이영삼 교수님은 노화생물학, 세포노화, 노화 연관 기전 분야를 연구합니다."
DGIST,이재민,50,40,"이재민 교수님은 대사생리학, 노화생물학, 대사 항상성 분야를 연구합니다."
DGIST,이종찬,79,47,"이종찬 교수님은 바이오이미징, 단분자 생물물리, 초고해상도 현미경 분야를 연구합니다."
DGIST,이창훈,72,42,"이창훈 교수님은 피부생리학, 바이오인터페이스, 구조생물학 분야를 연구합니다."
DGIST,정영태,72,41,"정영태 교수님은 줄기세포생물학, 암 정밀의학, 재생의학 분야를 연구합니다."
DGIST,정찬,63,37,"정찬 교수님은 암 후성유전학, 암생물학, 뇌종양 분야를 연구합니다."
DGIST,최일규,64,39,"최일규 교수님은 T세포 생물학, 면역치료, 면역조절 분야를 연구합니다."
DGIST,요나스 페릭스,65,43,"요나스 페릭스 교수님은 유전자 조절, 오믹스, 단백질 기능 분야를 연구합니다."
서울대학교,강연준,303,36,"강연준 교수님은 기계공학, 음향공학, 소음제어 분야를 연구합니다."
서울대학교,강준호,256,41,"강준호 교수님은 기계공학, 정밀 바이오계측, 바이오센싱 분야를 연구합니다."
서울대학교,고승환,369,59,"고승환 교수님은 유연 신축성 웨어러블 전자, 레이저 직접 패터닝, 소프트 전자소자 제조 분야를 연구합니다."
서울대학교,김도년,303,43,"김도년 교수님은 기계공학, 계산역학, AI 기반 시뮬레이션 분야를 연구합니다."
서울대학교,김민수,303,39,"김민수 교수님은 기계공학, 냉동공조, 열시스템 제어 분야를 연구합니다."
서울대학교,김수용,303,42,"김수용 교수님은 기계공학, 열반응 시스템, 고에너지 물질 분야를 연구합니다."
서울대학교,김아영,303,44,"김아영 교수님은 기계공학, 모바일 로봇 인지, 자율주행 로봇 분야를 연구합니다."
서울대학교,김태용,303,37,"김태용 교수님은 기계공학, 나노 열전달, 열전도 분야를 연구합니다."
서울대학교,김호영,266,41,"김호영 교수님은 기계공학, 미세유체역학, 연성물질 역학 분야를 연구합니다."
서울대학교,도형록,194,36,"도형록 교수님은 기계공학, 반응유동, 연소유동 분야를 연구합니다."
서울대학교,민경덕,273,39,"민경덕 교수님은 기계공학, 내연기관, 자동차 동력계 분야를 연구합니다."
서울대학교,박상욱,251,38,"박상욱 교수님은 기계공학, 청정에너지, 나노열전달 분야를 연구합니다."
서울대학교,박용래,203,43,"박용래 교수님은 기계공학, 소프트 로보틱스, 생체모사 로봇 분야를 연구합니다."
서울대학교,박종우,209,40,"박종우 교수님은 기계공학, 로봇 기구학, 로봇 동역학 분야를 연구합니다."
서울대학교,박형민,225,37,"박형민 교수님은 기계공학, 다상유동, 유동가시화 분야를 연구합니다."
서울대학교,송성진,200,36,"송성진 교수님은 기계공학, 터보기계, 유체기계 분야를 연구합니다."
서울대학교,송한호,216,47,"송한호 교수님은 기계공학, 첨단 에너지 시스템, 자동차 파워트레인 분야를 연구합니다."
서울대학교,신용대,185,38,"신용대 교수님은 기계공학, 세포역학, 바이오시스템 분야를 연구합니다."
서울대학교,안성훈,303,39,"안성훈 교수님은 기계공학, 통합 제조, 스마트 제조 분야를 연구합니다."
서울대학교,양진규,259,37,"양진규 교수님은 기계공학, 파동전파, 포논 결정 분야를 연구합니다."
서울대학교,오주환,203,36,"오주환 교수님은 기계공학, 메타구조, 고체역학 분야를 연구합니다."
서울대학교,윤병동,204,38,"윤병동 교수님은 기계공학, 예지보전, 신뢰성 공학 분야를 연구합니다."
서울대학교,이동준,303,43,"이동준 교수님은 기계공학, 인터랙티브 로봇, 네트워크 로봇 분야를 연구합니다."
서울대학교,이승아,207,41,"이승아 교수님은 기계공학, 광학 이미징, 바이오포토닉스 분야를 연구합니다."
서울대학교,이윤석,361,59,"이윤석 교수님은 고온 리튬 물성 연구, 리튬 접합 시뮬레이션, 배터리 열 및 접합 해석 분야를 연구합니다."
서울대학교,이호원,303,40,"이호원 교수님은 기계공학, 3D 프린팅, 4D 프린팅 분야를 연구합니다."
서울대학교,임종우,247,39,"임종우 교수님은 기계공학, 로봇 비전, 컴퓨터 비전 분야를 연구합니다."
서울대학교,전누리,268,37,"전누리 교수님은 기계공학, 의기계공학, 미세유체 분야를 연구합니다."
서울대학교,조규진,263,41,"조규진 교수님은 기계공학, 생체모사 로봇, 소프트 로봇 분야를 연구합니다."
서울대학교,좌은혁,284,40,"좌은혁 교수님은 기계공학, 자율주행 차량, 차량동역학 분야를 연구합니다."
서울대학교,차석원,302,40,"차석원 교수님은 기계공학, 연료전지, 재생에너지 변환 분야를 연구합니다."
서울대학교,최해천,300,34,"최해천 교수님은 기계공학, 난류, 유동제어 분야를 연구합니다."
서울대학교,한경원,257,40,"한경원 교수님은 기계공학, 헬스케어 로봇, 의료 로봇 분야를 연구합니다."
서울대학교,황원태,302,44,"황원태 교수님은 기계공학, 에너지 환경 유동, 난류 다상유동 분야를 연구합니다."
서울대학교,Uwe R. Fischer,185,64,"Uwe R. Fischer 교수님은 원자 / 분자 및 광 물리, 응집 물질 물리, 양자시뮬레이션 분야를 연구합니다."
서울대학교,강동민,106,48,"강동민 교수님은 핵 / 입자 물리와 우주론, 양자장론, 비섭동 현상 분야를 연구합니다."
서울대학교,강민구,129,40,"강민구 교수님은 응집 물질 물리, 위상물질, 양자물질 분야를 연구합니다."
서울대학교,김기훈,116,49,"김기훈 교수님은 응집 물질 물리, 나노 물리와 나노 광자학, 강상관계 분야를 연구합니다."
서울대학교,김도헌,108,51,"김도헌 교수님은 응집 물질 물리, 나노 물리와 나노 광자학, 반도체 물리 분야를 연구합니다."
서울대학교,김석,149,47,"김석 교수님은 핵 / 입자 물리와 우주론, 양자장론, 비섭동 현상 분야를 연구합니다."
서울대학교,김은종,141,59,"김은종 교수님은 원자 / 분자 및 광 물리, 응집 물질 물리, 나노 물리와 나노 광자학 분야를 연구합니다."
서울대학교,김지훈,154,48,"김지훈 교수님은 핵 / 입자 물리와 우주론, 계산우주론, 은하 형성 분야를 연구합니다."
서울대학교,김창영,118,41,"김창영 교수님은 응집 물질 물리, 강상관계, 상관전자계 분야를 연구합니다."
서울대학교,김형도,187,46,"김형도 교수님은 핵 / 입자 물리와 우주론, 암흑물질, 암흑섹터 분야를 연구합니다."
서울대학교,류제경,101,38,"류제경 교수님은 생물 물리, 생물물리, 바이오물리 분야를 연구합니다."
서울대학교,민홍기,131,49,"민홍기 교수님은 응집 물질 물리, 나노 물리와 나노 광자학, 위상물질 분야를 연구합니다."
서울대학교,박윤,134,52,"박윤 교수님은 응집 물질 물리, 나노 물리와 나노 광자학, 메조스코픽 소자 분야를 연구합니다."
서울대학교,박제근,88,41,"박제근 교수님은 응집 물질 물리, 강상관계, 상관전자계 분야를 연구합니다."
서울대학교,박철환,129,52,"박철환 교수님은 응집 물질 물리, 나노 물리와 나노 광자학, 제일원리 계산 분야를 연구합니다."
서울대학교,박홍규,125,50,"박홍규 교수님은 응집 물질 물리, 생물 물리, 나노 물리와 나노 광자학 분야를 연구합니다."
서울대학교,백용주,112,42,"백용주 교수님은 응집 물질 물리, 통계 물리, 생물 물리 분야를 연구합니다."
서울대학교,신용일,188,50,"신용일 교수님은 원자 / 분자 및 광 물리, 응집 물질 물리, 원자물리 분야를 연구합니다."
서울대학교,양범정,113,39,"양범정 교수님은 응집 물질 물리, 위상물질, 위상상 분야를 연구합니다."
서울대학교,양운기,87,44,"양운기 교수님은 핵 / 입자 물리와 우주론, 중성미자, 힉스 분야를 연구합니다."
서울대학교,유재준,181,39,"유재준 교수님은 응집 물질 물리, 위상물질, 위상상 분야를 연구합니다."
서울대학교,유종희,198,51,"유종희 교수님은 핵 / 입자 물리와 우주론, 실험 입자물리, 입자천체물리 분야를 연구합니다."
서울대학교,이규철,179,51,"이규철 교수님은 응집 물질 물리, 나노 물리와 나노 광자학, 반도체 물리 분야를 연구합니다."
서울대학교,이승섭,102,41,"이승섭 교수님은 응집 물질 물리, 강상관계, 상관전자계 분야를 연구합니다."
서울대학교,이원종,176,45,"이원종 교수님은 핵 / 입자 물리와 우주론, 표준모형, 물리학 분야를 연구합니다."
서울대학교,이지은,127,47,"이지은 교수님은 응집 물질 물리, 나노 물리와 나노 광자학, 자성 분야를 연구합니다."
서울대학교,이탁희,146,51,"이탁희 교수님은 응집 물질 물리, 나노 물리와 나노 광자학, 2차원 물질 분야를 연구합니다."
서울대학교,장소연,136,51,"장소연 교수님은 응집 물질 물리, 나노 물리와 나노 광자학, 2차원 물질 분야를 연구합니다."
서울대학교,장재혁,140,46,"장재혁 교수님은 핵 / 입자 물리와 우주론, 암흑물질, 초기우주 분야를 연구합니다."
서울대학교,장준호,85,39,"장준호 교수님은 응집 물질 물리, 위상물질, 위상상 분야를 연구합니다."
서울대학교,전헌수,149,53,"전헌수 교수님은 응집 물질 물리, 나노 물리와 나노 광자학, 마이크로 광구조 분야를 연구합니다."
서울대학교,정성훈,217,48,"정성훈 교수님은 핵 / 입자 물리와 우주론, 입자현상론, 양자우주론 분야를 연구합니다."
서울대학교,정현석,87,47,"정현석 교수님은 원자 / 분자 및 광 물리, 양자정보, 양자컴퓨팅 분야를 연구합니다."
서울대학교,최석봉,194,47,"최석봉 교수님은 응집 물질 물리, 나노 물리와 나노 광자학, 자성 분야를 연구합니다."
서울대학교,최선호,187,48,"최선호 교수님은 핵 / 입자 물리와 우주론, 원자물리, 초저온 원자 분야를 연구합니다."
서울대학교,최재원,133,43,"최재원 교수님은 응집 물질 물리, 양자물질, 저차원 양자계 분야를 연구합니다."
서울대학교,최현용,114,48,"최현용 교수님은 응집 물질 물리, 나노 물리와 나노 광자학, 레이저 분야를 연구합니다."
서울대학교,홍성철,192,38,"홍성철 교수님은 생물 물리, 생물물리, 바이오물리 분야를 연구합니다."
서울대학교,홍승훈,129,50,"홍승훈 교수님은 응집 물질 물리, 생물 물리, 나노 물리와 나노 광자학 분야를 연구합니다."
서울대학교,강찬희,138,37,"강찬희 교수님은 분자생물학, 세포생물학, 유전학 분야를 연구합니다."
서울대학교,고준석,141,37,"고준석 교수님은 분자생물학, 생물물리학, 생화학 분야를 연구합니다."
서울대학교,공영윤,146,42,"공영윤 교수님은 발달 및 발생생물학, 세포생물학, 유전학 분야를 연구합니다."
서울대학교,김빛내리,131,38,"김빛내리 교수님은 바이러스학, 분자생물학, 생화학 분야를 연구합니다."
서울대학교,김재범,137,37,"김재범 교수님은 분자생물학, 세포생물학, 유전학 분야를 연구합니다."
서울대학교,김종서,137,36,"김종서 교수님은 생화학, 세포생물학, 단백체학 분야를 연구합니다."
서울대학교,김진홍,125,40,"김진홍 교수님은 분자생물학, 세포생물학, 분자재생의학 분야를 연구합니다."
서울대학교,김현아,150,37,"김현아 교수님은 분자생물학, 생화학, 세포생물학 분야를 연구합니다."
서울대학교,김형,146,39,"김형 교수님은 분자생물학, 신경생물학, 인지신경과학 분야를 연구합니다."
서울대학교,노성훈,164,37,"노성훈 교수님은 분자생물학, 생물물리학, 생화학 분야를 연구합니다."
서울대학교,노유선,158,43,"노유선 교수님은 발달 및 발생생물학, 분자생물학, 식물과학 분야를 연구합니다."
서울대학교,라젠드라 카르키,147,42,"라젠드라 카르키 교수님은 면역학, 분자생물학, 세포생물학 분야를 연구합니다."
서울대학교,마틴 슈타이네거,187,65,"마틴 슈타이네거 교수님은 생물정보학, 복잡한 유전체 및 단백질체 분석, 단백질 기능 및 구조 예측 분야를 연구합니다."
서울대학교,박상우,144,38,"박상우 교수님은 생물정보학, 생태학, 감염병모델링 분야를 연구합니다."
서울대학교,박주홍,168,36,"박주홍 교수님은 면역학, 미생물학, 분자생물학 분야를 연구합니다."
서울대학교,백대현,139,38,"백대현 교수님은 생물정보학, 유전체학, 전산생물학 분야를 연구합니다."
서울대학교,백민경,138,39,"백민경 교수님은 분자생물학, 생물정보학, 계산생물학 분야를 연구합니다."
서울대학교,백성희,129,37,"백성희 교수님은 분자생물학, 세포생물학, 유전학 분야를 연구합니다."
서울대학교,석영재,129,37,"석영재 교수님은 미생물학, 생화학, 미생물생리학 분야를 연구합니다."
서울대학교,설재홍,132,37,"설재홍 교수님은 분자생물학, 생화학, 세포생물학 분야를 연구합니다."
서울대학교,신근유,142,42,"신근유 교수님은 면역학, 발달 및 발생생물학, 신경생물학 분야를 연구합니다."
서울대학교,신승관,133,39,"신승관 교수님은 계통분류학, 분자생물학, 생물정보학 분야를 연구합니다."
서울대학교,신혜영,173,61,"신혜영 교수님은 신경생물학, 뇌는 단순히 감각 정보를 수집하는 데서 멈추지 않고, 생명과학 분야를 연구합니다."
서울대학교,심지원,149,40,"심지원 교수님은 면역학, 발달 및 발생생물학, 유전학 분야를 연구합니다."
서울대학교,안광석,134,37,"안광석 교수님은 면역학, 바이러스학, 세포생물학 분야를 연구합니다."
서울대학교,윤태영,187,37,"윤태영 교수님은 분자생물학, 생물물리학, 생화학 분야를 연구합니다."
서울대학교,이유리,142,43,"이유리 교수님은 발달 및 발생생물학, 세포생물학, 식물과학 분야를 연구합니다."
서울대학교,이은주,102,42,"이은주 교수님은 생태학, 식물생태학, 환경/기후/지속가능 분야를 연구합니다."
서울대학교,이일하,156,43,"이일하 교수님은 발달 및 발생생물학, 분자생물학, 식물과학 분야를 연구합니다."
서울대학교,이준호,149,44,"이준호 교수님은 발달 및 발생생물학, 분자생물학, 신경생물학 분야를 연구합니다."
서울대학교,이지영,133,43,"이지영 교수님은 발달 및 발생생물학, 생물정보학, 식물과학 분야를 연구합니다."
서울대학교,이현숙,153,44,"이현숙 교수님은 발달 및 발생생물학, 분자생물학, 세포생물학 분야를 연구합니다."
서울대학교,이홍균,143,37,"이홍균 교수님은 면역학, 신경생물학, 신경면역학 분야를 연구합니다."
서울대학교,임영운,135,36,"임영운 교수님은 계통분류학, 생태학, 유전체학 분야를 연구합니다."
서울대학교,장원열,144,40,"장원열 교수님은 분자생물학, 세포생물학, 세포 생물학 분야를 연구합니다."
서울대학교,장혜식,134,40,"장혜식 교수님은 생물정보학, 유전체학, 양적분자생물학 분야를 연구합니다."
서울대학교,정종경,167,39,"정종경 교수님은 분자생물학, 세포생물학, 신경생물학 분야를 연구합니다."
서울대학교,정충원,138,36,"정충원 교수님은 생물정보학, 생태학, 유전체학 분야를 연구합니다."
서울대학교,조형택,175,38,"조형택 교수님은 세포생물학, 식물과학, 세포분화학 분야를 연구합니다."
서울대학교,주용성,156,36,"주용성 교수님은 생태학, 식물과학, 진화생물학 분야를 연구합니다."
서울대학교,최명환,129,35,"최명환 교수님은 신경생물학, 뇌과학, 뇌공학 분야를 연구합니다."
서울대학교,최석우,114,38,"최석우 교수님은 신경생물학, 신경생리학, 예측행동 분야를 연구합니다."
서울대학교,최성화,144,43,"최성화 교수님은 미생물학, 발달 및 발생생물학, 분자생물학 분야를 연구합니다."
서울대학교,최연희,154,44,"최연희 교수님은 발달 및 발생생물학, 분자생물학, 생물정보학 분야를 연구합니다."
서울대학교,최희정,148,37,"최희정 교수님은 분자생물학, 생물물리학, 생화학 분야를 연구합니다."
서울대학교,허원기,133,36,"허원기 교수님은 미생물학, 생화학, 세포생물학 분야를 연구합니다."
서울대학교,현유봉,136,37,"현유봉 교수님은 분자생물학, 식물과학, 유전체학 분야를 연구합니다."
서울대학교,황대희,175,38,"황대희 교수님은 생물정보학, 시스템생물학, 유전체 분야를 연구합니다."
서울대학교,황수석,156,37,"황수석 교수님은 면역학, 분자생물학, 생물정보학 분야를 연구합니다."
서울대학교,Gerald Trutnau,146,50,"Gerald Trutnau 교수님은 확률과정, 확률해석, 마르코프 과정 분야를 연구합니다."
서울대학교,Otto van Koert,111,52,"Otto van Koert 교수님은 편미분방정식, 심플렉틱 기하, 위상수학 분야를 연구합니다."
서울대학교,강명주,161,40,"강명주 교수님은 수치해석, 이미지 처리, 계산유체역학 분야를 연구합니다."
서울대학교,강정수,163,51,"강정수 교수님은 심플렉틱 기하, 반도체 회로/SoC/AI하드웨어, 기하학 분야를 연구합니다."
서울대학교,국웅,159,37,"국웅 교수님은 리 대수, 리 초대수, 매트로이드 분야를 연구합니다."
서울대학교,권재훈,173,36,"권재훈 교수님은 표현론, 리 대수, 리 초대수 분야를 연구합니다."
서울대학교,김기현,210,42,"김기현 교수님은 편미분방정식, 해석학, 비선형 분산방정식 분야를 연구합니다."
서울대학교,김다노,193,36,"김다노 교수님은 대수기하, 모듈라이, 복소기하 분야를 연구합니다."
서울대학교,김도형,136,29,"김도형 교수님은 정수론, 산술기하 분야를 연구합니다."
서울대학교,김판기,71,35,"김판기 교수님은 확률론, 확률과정, 확률해석 분야를 연구합니다."
서울대학교,박종일,117,37,"박종일 교수님은 4차원 다양체, 저차원 위상수학 분야를 연구합니다."
서울대학교,박형빈,280,35,"박형빈 교수님은 확률론, 확률과정, 확률해석 분야를 연구합니다."
서울대학교,변동호,235,35,"변동호 교수님은 정수론, 산술기하, 타원곡선 분야를 연구합니다."
서울대학교,변성수,115,29,"변성수 교수님은 확률론, 확률과정 분야를 연구합니다."
서울대학교,변순식,119,41,"변순식 교수님은 편미분방정식, PDE 정칙성, 함수해석 분야를 연구합니다."
서울대학교,서의린,144,35,"서의린 교수님은 수리물리, 표현론, 양자대수 분야를 연구합니다."
서울대학교,서인석,140,48,"서인석 교수님은 확률론, 확률과정, 반도체 회로/SoC/AI하드웨어 분야를 연구합니다."
서울대학교,오병권,194,35,"오병권 교수님은 정수론, 산술기하, 이차형식 분야를 연구합니다."
서울대학교,오정석,129,36,"오정석 교수님은 대수기하, 모듈라이, 복소기하 분야를 연구합니다."
서울대학교,오창근,88,36,"오창근 교수님은 리 대수, 리 초대수, 정수론 분야를 연구합니다."
서울대학교,유필상,250,36,"유필상 교수님은 대수기하, 모듈라이, 수리물리 분야를 연구합니다."
서울대학교,이계선,303,50,"이계선 교수님은 리 대수, 리 초대수, 반도체 회로/SoC/AI하드웨어 분야를 연구합니다."
서울대학교,이기암,108,43,"이기암 교수님은 편미분방정식, 비선형 PDE, 자유경계문제 분야를 연구합니다."
서울대학교,이다빈,240,37,"이다빈 교수님은 정수계획법, 조합최적화, 최적화 분야를 연구합니다."
서울대학교,이상혁,147,52,"이상혁 교수님은 편미분방정식, 해석학, Fourier analysis 인접 분야를 연구합니다."
서울대학교,이승진,247,40,"이승진 교수님은 대수적 조합론, 조합표현론, 대수기하 분야를 연구합니다."
서울대학교,이훈희,116,34,"이훈희 교수님은 양자군, 확률론, 확률과정 분야를 연구합니다."
서울대학교,임선희,133,39,"임선희 교수님은 리 대수, 리 초대수, 위상자료분석 분야를 연구합니다."
서울대학교,정자아,224,51,"정자아 교수님은 작용소대수, 비가환기하, 반도체 회로/SoC/AI하드웨어 분야를 연구합니다."
서울대학교,천정희,93,34,"천정희 교수님은 정수론, 산술기하, 암호학 분야를 연구합니다."
서울대학교,하승열,303,39,"하승열 교수님은 리 대수, 리 초대수, 편미분방정식 분야를 연구합니다."
서울대학교,현동훈,136,36,"현동훈 교수님은 대수기하, 모듈라이, 복소기하 분야를 연구합니다."
서울대학교,홍영준,149,36,"홍영준 교수님은 과학계산, 머신러닝, 수치해석 분야를 연구합니다."
서울대학교,홍진,108,36,"홍진 교수님은 암호학, 대수암호, 격자기반암호 분야를 연구합니다."
서울대학교,황준호,160,29,"황준호 교수님은 정수론, 산술기하 분야를 연구합니다."
서울대학교,강기석,303,40,"강기석 교수님은 재료공학, 리튬이차전지, 양극재 설계 분야를 연구합니다."
서울대학교,강기훈,303,45,"강기훈 교수님은 재료공학, 유기반도체 수송, 파이 공액 고분자 분야를 연구합니다."
서울대학교,강동민,303,53,"강동민 교수님은 재료공학, 혼합 이온-전자 전도체, 전기화학 활성 에너지소재 분야를 연구합니다."
서울대학교,강승균,293,47,"강승균 교수님은 환경/기후/지속가능, 재료공학, 생분해성 전자소자 분야를 연구합니다."
서울대학교,곽승엽,303,45,"곽승엽 교수님은 재료공학, 수처리 분리막, 친환경 고분자 소재 분야를 연구합니다."
서울대학교,권민상,303,49,"권민상 교수님은 환경/기후/지속가능, 재료공학, 지속가능 고분자 합성 분야를 연구합니다."
서울대학교,김미영,360,66,"김미영 교수님은 이차전지 소재 전자현미경 분석, Li-rich 양극재 redox 메커니즘, 재료공학 분야를 연구합니다."
서울대학교,김상국,244,46,"김상국 교수님은 재료공학, 스핀파 동역학, 자기 소용돌이 동역학 분야를 연구합니다."
서울대학교,김상범,303,67,"김상범 교수님은 반도체 회로/SoC/AI하드웨어, 재료공학, 아날로그 compute-in-memory 분야를 연구합니다."
서울대학교,김영은,244,50,"김영은 교수님은 재료공학, 신속 핵산 진단, 자극응답성 하이브리드 소재 분야를 연구합니다."
서울대학교,김진영,303,48,"김진영 교수님은 재료공학, 페로브스카이트 태양전지, 태양에너지 변환 분야를 연구합니다."
서울대학교,남기태,303,48,"남기태 교수님은 재료공학, 생체모사 재료과학, 바이러스 기반 배터리 분야를 연구합니다."
서울대학교,도준상,303,54,"도준상 교수님은 재료공학, 암 면역치료 생체재료, 면역세포 기능 제어 생체재료 분야를 연구합니다."
서울대학교,류일,303,43,"류일 교수님은 재료공학, 소성 변형 메커니즘, 전위 동역학 분야를 연구합니다."
서울대학교,박민혁,302,52,"박민혁 교수님은 재료공학, HfO2 강유전체, 강유전/반강유전 에너지 저장 분야를 연구합니다."
서울대학교,박은수,303,52,"박은수 교수님은 반도체 회로/SoC/AI하드웨어, 재료공학, 벌크 금속유리 분야를 연구합니다."
서울대학교,박주혁,303,56,"박주혁 교수님은 재료공학, 스마트 고분자 가공, 형상기억 고분자 마이크로/나노구조 분야를 연구합니다."
서울대학교,박찬,302,39,"박찬 교수님은 재료공학, 열전재료, 고효율 열전소재 분야를 연구합니다."
서울대학교,서준민,303,50,"서준민 교수님은 재료공학, 첨단 반도체 소재/소자, 지능형 센서 시스템 분야를 연구합니다."
서울대학교,선정윤,243,50,"선정윤 교수님은 재료공학, 다기능 소프트 소재, 생체모사 이온성 신경계 분야를 연구합니다."
서울대학교,손준우,249,42,"손준우 교수님은 재료공학, 전이금속 산화물, 양자 산화물 분야를 연구합니다."
서울대학교,안철희,297,46,"안철희 교수님은 재료공학, 고분자 약물전달, 암 치료 나노전달체 분야를 연구합니다."
서울대학교,유웅렬,366,54,"유웅렬 교수님은 섬유 및 복합재료, 구조 배터리 복합재, 음극재 및 시뮬레이션 분야를 연구합니다."
서울대학교,유효빈,303,59,"유효빈 교수님은 재료공학, MEMS-TEM 융합, 작동 중 전자/전기화학 소자 원자구조 분야를 연구합니다."
서울대학교,이경우,241,44,"이경우 교수님은 재료공학, 철강 제조공정, 제강 공정 최적화 분야를 연구합니다."
서울대학교,이관형,303,48,"이관형 교수님은 재료공학, 2D 소재 전자구조, 그래핀/TMD 소자 분야를 연구합니다."
서울대학교,이명규,217,40,"이명규 교수님은 재료공학, 재료역학, 금속 변형/파괴 분야를 연구합니다."
서울대학교,이명재,296,42,"이명재 교수님은 재료공학, 나노광구조 제작, 광전자 변환 분야를 연구합니다."
서울대학교,이태우,304,56,"이태우 교수님은 신축성 OLED, 페로브스카이트 LED, 페로브스카이트 디스플레이 분야를 연구합니다."
서울대학교,장혜진,241,46,"장혜진 교수님은 재료공학, 열전도도 측정, 소형 전자기기 열관리 분야를 연구합니다."
서울대학교,장호원,303,48,"장호원 교수님은 재료공학, 산화물 박막 나노구조, 원자층 제어 박막 분야를 연구합니다."
서울대학교,정성균,303,53,"정성균 교수님은 재료공학, 에너지 저장/변환 신소재, 배터리 계면 X선 분석 분야를 연구합니다."
서울대학교,정우철,302,49,"정우철 교수님은 재료공학, 고체산화물 연료전지, 전기화학 촉매 안정화 분야를 연구합니다."
서울대학교,정인호,194,41,"정인호 교수님은 재료공학, 계산 열역학, 상평형/상변태 분야를 연구합니다."
서울대학교,주영창,235,58,"주영창 교수님은 반도체 회로/SoC/AI하드웨어, 패키징/인터커넥트/신뢰성, 재료공학 분야를 연구합니다."
서울대학교,최인석,245,41,"최인석 교수님은 재료공학, 고강도/고온 합금, 나노역학 분야를 연구합니다."
서울대학교,한승우,302,56,"한승우 교수님은 재료공학, 제일원리 반도체 메모리 계산, PRAM 저항 drift 분야를 연구합니다."
서울대학교,한정우,288,41,"한정우 교수님은 재료공학, 수전해 촉매, 연료전지 촉매 분야를 연구합니다."
서울대학교,한준규,248,52,"한준규 교수님은 전력전자/전력변환/전력무결성, 재료공학, 3D 반도체 집적 분야를 연구합니다."
서울대학교,한흥남,360,62,"한흥남 교수님은 리튬이온배터리 충방전 시뮬레이션, 배터리 유한요소 모델, 전극 변형 수치해석 분야를 연구합니다."
서울대학교,홍성현,344,57,"홍성현 교수님은 분말 합성 및 공정, 양극 및 음극 전극 소재, 이차전지 전극 소재 분야를 연구합니다."
서울대학교,황철성,303,51,"황철성 교수님은 재료공학, 차세대 비휘발성 메모리 박막, 강유전체 메모리 분야를 연구합니다."
서울대학교,고형석,122,44,"고형석 교수님은 컴퓨터 애니메이션, 디지털액터, 디지털 액터 분야를 연구합니다."
서울대학교,곽정훈,137,50,"곽정훈 교수님은 퀀텀닷 디스플레이, 유기반도체소자(열전소자, 뉴로몰픽) 분야를 연구합니다."
서울대학교,권성훈,154,50,"권성훈 교수님은 면역 데이터 분석, 생체분자정보 생산 및 분석, 딥러닝 분야를 연구합니다."
서울대학교,김남수,147,38,"김남수 교수님은 음성음향신호처리, 통신, 음성인식 분야를 연구합니다."
서울대학교,김성재,178,60,"김성재 교수님은 액체 반도체, 바이오센서, 나노 채널에서의 비선형 전기수력학 (나노기술) 분야를 연구합니다."
서울대학교,김성철,134,35,"김성철 교수님은 무선통신, 채널, 전력선통신 분야를 연구합니다."
서울대학교,김영민,181,43,"김영민 교수님은 3차원 비전, 3D 비전, 컴퓨터 그래픽스 분야를 연구합니다."
서울대학교,김장우,128,44,"김장우 교수님은 컴퓨터 구조, 시스템 설계, 컴퓨터 아키텍처 분야를 연구합니다."
서울대학교,김재준,183,53,"김재준 교수님은 디지털 집적 회로 및 시스템 설계, 집적회로, 뉴럴 네트워크 분야를 연구합니다."
서울대학교,김재하,179,44,"김재하 교수님은 집적회로 설계 및 검증, 설계자동화, 고성능 분야를 연구합니다."
서울대학교,김진수,124,41,"김진수 교수님은 웨어러블 로봇, 로보틱스, 엑소스켈레톤 분야를 연구합니다."
서울대학교,김태환,176,50,"김태환 교수님은 임베디드 시스템 설계, 저전력 설계, 임베디드 하드웨어 분야를 연구합니다."
서울대학교,남동욱,175,58,"남동욱 교수님은 광집적회로 및 양자기술, 반도체공정, 반도체 회로/SoC/AI하드웨어 분야를 연구합니다."
서울대학교,도재영,139,40,"도재영 교수님은 생성형 AI, 머신러닝, 자연어 처리 분야를 연구합니다."
서울대학교,문수묵,125,36,"문수묵 교수님은 컴파일러, 가상머신, 블록체인 분야를 연구합니다."
서울대학교,문태섭,120,45,"문태섭 교수님은 적응형 기계학습, 신뢰가능 AI, 데이터 응용 분야를 연구합니다."
서울대학교,박남규,162,35,"박남규 교수님은 나노광학, 메타물질, 광통신 분야를 연구합니다."
서울대학교,박세웅,198,62,"박세웅 교수님은 네트워크 디자인 및 성능분석, 무선 네트워크, 네트워크 디자인 및 성능 분석 분야를 연구합니다."
서울대학교,박재형,140,40,"박재형 교수님은 홀로그래피, VR 디스플레이, 광공학 분야를 연구합니다."
서울대학교,박준석,234,60,"박준석 교수님은 디지털 집적 회로 및 시스템 설계, AI 시스템-온-칩, 디지털 집적회로 분야를 연구합니다."
서울대학교,백윤흥,139,55,"백윤흥 교수님은 소프트웨어와 시스템의 보안, 보안을 위한 하드웨어, 지능형 보안 분야를 연구합니다."
서울대학교,서승우,153,39,"서승우 교수님은 지능형 자동차, 정보보안, 로보틱스 분야를 연구합니다."
서울대학교,서종모,180,34,"서종모 교수님은 신경접속, 의공학, 안과학 분야를 연구합니다."
서울대학교,서지원,140,56,"서지원 교수님은 머신러닝 시스템, 생성형 AI (LLM) 최적화, 빅데이터 시스템 분야를 연구합니다."
서울대학교,신종원,218,61,"신종원 교수님은 전력전자 및 전력변환 시스템, 전력 모듈 패키징, 패키징/인터커넥트/신뢰성 분야를 연구합니다."
서울대학교,신형철,218,58,"신형철 교수님은 반도체 소자 및 회로, 반도체 소자/집적회로, 반도체 소자/공정/박막 분야를 연구합니다."
서울대학교,심규석,133,53,"심규석 교수님은 데이타마이닝 및 데이터베이스, 데이타 마이닝, 스트림 데이타 분야를 연구합니다."
서울대학교,심병효,192,46,"심병효 교수님은 이동통신, 신호처리, AI/머신러닝/데이터시스템 분야를 연구합니다."
서울대학교,심재웅,213,67,"심재웅 교수님은 컴퓨터 구조 및 시스템, 반도체 회로/SoC/AI하드웨어, AI/머신러닝/데이터시스템 분야를 연구합니다."
서울대학교,심형보,232,39,"심형보 교수님은 제어이론, 동적시스템, 동적 시스템 분야를 연구합니다."
서울대학교,양인순,188,44,"양인순 교수님은 학습 및 의사결정 시스템, 강화학습, 최적화 분야를 연구합니다."
서울대학교,양현종,172,48,"양현종 교수님은 통신 시스템, 분산 학습 시스템, 커넥티드 로보틱스 분야를 연구합니다."
서울대학교,오성회,163,42,"오성회 교수님은 로봇학습, 로보틱스, 제어/로봇/자율주행 분야를 연구합니다."
서울대학교,오정석,157,41,"오정석 교수님은 메타표면, 안테나, RF회로 및 시스템 분야를 연구합니다."
서울대학교,유담,220,47,"유담 교수님은 집적회로, 바이오메디컬 및 초음파 시스템, 머신러닝 분야를 연구합니다."
서울대학교,유선규,139,41,"유선규 교수님은 광자 컴퓨팅, 무질서 광학, 양자 광학 분야를 연구합니다."
서울대학교,윤상원,187,59,"윤상원 교수님은 반도체 패키징, 모빌리티용 전기 및 전자부품, 패키징/인터커넥트/신뢰성 분야를 연구합니다."
서울대학교,윤성로,124,51,"윤성로 교수님은 인공지능 (Physical AI, 생성형 AI, 머신러닝 분야를 연구합니다."
서울대학교,윤용태,162,52,"윤용태 교수님은 전력경제, 송전망운영과 설계, 전력전자/전력변환/전력무결성 분야를 연구합니다."
서울대학교,이경무,158,38,"이경무 교수님은 컴퓨터 비젼, 머신러닝, 영상처리 분야를 연구합니다."
서울대학교,이경한,187,52,"이경한 교수님은 네트워크 시스템, 네트워크 컴퓨팅 아키텍처, 모바일 컴퓨팅 분야를 연구합니다."
서울대학교,이규섭,153,42,"이규섭 교수님은 전력계통, DC 전력망, 멀티에너지시스템 분야를 연구합니다."
서울대학교,이병영,193,58,"이병영 교수님은 컴퓨터 보안, 소프트웨어 및 운영체제 보안, 데이터 및 개인정보 보호 분야를 연구합니다."
서울대학교,이수연,219,67,"이수연 교수님은 산화물 박막 소자 디스플레이 보상회로, 반도체 소자/집적회로, 반도체 소자/공정/박막 분야를 연구합니다."
서울대학교,이재상,243,63,"이재상 교수님은 반도체 광전소자 물리 및 공정, 생성형 AI 기반 설계, 고성능 메커니즘 연구 분야를 연구합니다."
서울대학교,이정우,184,42,"이정우 교수님은 머신러닝, 통신이론, 딥러닝 및 강화학습 분야를 연구합니다."
서울대학교,이종호 (B),178,66,"이종호 (B) 교수님은 영상과학, 바이오메디컬 영상 AI, 영상신호처리 바이오메디컬 영상학 및 AI 분야를 연구합니다."
서울대학교,이종호,252,58,"이종호 교수님은 반도체 재료 및 소자, 반도체 소자/집적회로, 반도체 소자/공정/박막 분야를 연구합니다."
서울대학교,이진규,178,43,"이진규 교수님은 제어이론, 동적시스템, 제어/로봇/자율주행 분야를 연구합니다."
서울대학교,이진호,185,61,"이진호 교수님은 인공지능 시스템 및 최적화, 컴퓨터 구조, 반도체 회로/SoC/AI하드웨어 분야를 연구합니다."
서울대학교,이철호,222,62,"이철호 교수님은 차세대 반도체 소자 및 재료, 반도체 소자/집적회로, 반도체 소자/공정/박막 분야를 연구합니다."
서울대학교,이혁재,160,49,"이혁재 교수님은 컴퓨터구조 및 병렬처리, 내장형 시스템, 컴퓨터 구조 분야를 연구합니다."
서울대학교,전세영,187,46,"전세영 교수님은 신호처리, 계산영상, AI/머신러닝/데이터시스템 분야를 연구합니다."
서울대학교,정교민,135,38,"정교민 교수님은 머신러닝, 딥 러닝, 자연어 처리 분야를 연구합니다."
서울대학교,정규원,244,59,"정규원 교수님은 반도체 소자, AI/머신러닝/데이터시스템, AI/머신러닝/데이터사이언스 분야를 연구합니다."
서울대학교,정윤찬,160,46,"정윤찬 교수님은 레이저 및 양자전자, 디스플레이/포토닉스/광전자 분야를 연구합니다."
서울대학교,조남익,144,34,"조남익 교수님은 디지털신호, 영상, 비디오 분야를 연구합니다."
서울대학교,최성휘,223,42,"최성휘 교수님은 전력변환시스템, 전력 컨버터, 모터 제어 분야를 연구합니다."
서울대학교,최완,150,35,"최완 교수님은 무선통신, 기계학습, 신호처리 분야를 연구합니다."
서울대학교,최우석,193,65,"최우석 교수님은 집적회로 및 시스템 설계, 반도체 회로/SoC/AI하드웨어, 반도체 소자/집적회로 분야를 연구합니다."
서울대학교,최우열,225,50,"최우열 교수님은 초고주파 집적 회로 설계 및 계측, 전파공학, 집적회로 분야를 연구합니다."
서울대학교,최우영,142,44,"최우영 교수님은 반도체 소자, 차세대 메모리, 비메모리 소자 분야를 연구합니다."
서울대학교,최재혁,188,55,"최재혁 교수님은 반도체회로 및 시스템 설계, 집적회로 및 시스템 설계, 아날로그 분야를 연구합니다."
서울대학교,최종현,156,41,"최종현 교수님은 컴퓨터 비전, 머신러닝, 멀티모달 AI 분야를 연구합니다."
서울대학교,최준원,167,38,"최준원 교수님은 로봇인지, 자율주행, 센서신호처리 분야를 연구합니다."
서울대학교,하정익,163,53,"하정익 교수님은 전력 전자 및 전기에너지 변환, 전력전자, 전기 에너지 변환 분야를 연구합니다."
서울대학교,한보형,130,53,"한보형 교수님은 반도체 회로/SoC/AI하드웨어, AI/머신러닝/데이터시스템 분야를 연구합니다."
서울대학교,한승용,159,63,"한승용 교수님은 초전도 응용 기기, 전력전자/전력변환/전력무결성, 전력전자/전력계통/전기에너지 분야를 연구합니다."
서울대학교,홍성수,130,41,"홍성수 교수님은 실시간시스템, 미들웨어, 실시간 시스템 분야를 연구합니다."
서울대학교,홍성완,196,57,"홍성완 교수님은 반도체 집적회로 및 시스템 설계, ✓ 아날로그 및 전력관리 집적회로 분야를 연구합니다."
서울대학교,홍용택,200,43,"홍용택 교수님은 유연성, 신축성 전자 소자 및 회로, 유기 분야를 연구합니다."
서울대학교,강유,303,34,"강유 교수님은 딥러닝, 기계 학습, 그래프 분야를 연구합니다."
서울대학교,곽노준,122,57,"곽노준 교수님은 컴퓨터비전/멀티모달/영상이해, AI/머신러닝/데이터마이닝, 패턴인식 분야를 연구합니다."
서울대학교,권가진,149,46,"권가진 교수님은 AI/머신러닝/데이터마이닝, 학습기술, 협동학습 분야를 연구합니다."
서울대학교,권태경,303,55,"권태경 교수님은 네트워크/무선통신/모바일컴퓨팅, 무선 네트워크, 모바일 네트워크 분야를 연구합니다."
서울대학교,김건희,303,61,"김건희 교수님은 컴퓨터비전/멀티모달/영상이해, AI/머신러닝/데이터마이닝, 시각-언어 모델 분야를 연구합니다."
서울대학교,김선,303,59,"김선 교수님은 생물정보, 바이오인포매틱스/헬스AI/생명정보, AI/머신러닝/데이터마이닝 분야를 연구합니다."
서울대학교,김지홍,303,56,"김지홍 교수님은 플래시 메모리 시스템, 소프트웨어 최적화, 스마트 디바이스 최적화 분야를 연구합니다."
서울대학교,김진수,303,47,"김진수 교수님은 운영체제, 스토리지 시스템, 병렬 및 분산 컴퓨팅 분야를 연구합니다."
서울대학교,김창순,48,43,"김창순 교수님은 광전자소자, 이온트랩 양자컴퓨터, 나노광학 분야를 연구합니다."
서울대학교,김태현,303,67,"김태현 교수님은 양자 컴퓨터 하드웨어 개발, 양자 암호 및 양자 중계기, 양자 알고리즘 및 양자 정보 분야를 연구합니다."
서울대학교,문병로,303,47,"문병로 교수님은 최적화 이론 및 응용, 유전 알고리즘, 금융 공학 분야를 연구합니다."
서울대학교,민하오 추이(최민호),303,71,"민하오 추이(최민호) 교수님은 그래픽스 및 사람 중심 컴퓨팅, 네트워크/무선통신/모바일컴퓨팅, 미래 무선통신 분야를 연구합니다."
서울대학교,박경수,98,63,"박경수 교수님은 고성능 네트워크 시스템 설계, AI를 위한 시스템 지원 기술, 컴퓨터 네트워킹 분야를 연구합니다."
서울대학교,박재식,303,68,"박재식 교수님은 컴퓨터비전/멀티모달/영상이해, 컴퓨터그래픽스/시뮬레이션/Physical AI, 로보틱스 분야를 연구합니다."
서울대학교,박재흥,116,51,"박재흥 교수님은 로봇/피지컬 AI/동작학습, 로봇 제어, 휴머노이드 로봇 분야를 연구합니다."
서울대학교,서봉원,144,68,"서봉원 교수님은 반도체 회로/SoC/AI하드웨어, Human-centered computing, HCI 분야를 연구합니다."
서울대학교,서진욱,303,58,"서진욱 교수님은 정보시각화, Human-Computer Interaction, HCI 분야를 연구합니다."
서울대학교,송용수,273,44,"송용수 교수님은 알고리즘 및 정보 보안, 암호학, 프라이버시 분야를 연구합니다."
서울대학교,송현오,228,57,"송현오 교수님은 통계 학습, AI/머신러닝/데이터마이닝, 로봇/피지컬 AI/동작학습 분야를 연구합니다."
서울대학교,안정호,134,55,"안정호 교수님은 반도체 회로/SoC/AI하드웨어, 컴퓨터 아키텍처, 병렬 컴퓨팅 분야를 연구합니다."
서울대학교,엄현상,303,42,"엄현상 교수님은 시스템 소프트웨어, 분산시스템, 운영체제 분야를 연구합니다."
서울대학교,에거 버나드,303,46,"에거 버나드 교수님은 컴퓨터 시스템, 임베디드 시스템, 컴파일러 분야를 연구합니다."
서울대학교,원정담,303,68,"원정담 교수님은 컴퓨터그래픽스/시뮬레이션/Physical AI, 로봇/피지컬 AI/동작학습, 동작 생성 분야를 연구합니다."
서울대학교,유승주,302,67,"유승주 교수님은 컴퓨터구조 및 임베디드 시스템, 반도체 회로/SoC/AI하드웨어, 메모리 중심 컴퓨팅 분야를 연구합니다."
서울대학교,유영재,302,60,"유영재 교수님은 반도체 회로/SoC/AI하드웨어, AI/머신러닝/데이터마이닝, 자연어처리 분야를 연구합니다."
서울대학교,유재민,303,54,"유재민 교수님은 데이터 중심 인공지능, 테이블 파운데이션 모델, 그래프 신경망 분야를 연구합니다."
서울대학교,이광근,303,44,"이광근 교수님은 프로그래밍 언어, 정적 분석, 프로그램 분석 분야를 연구합니다."
서울대학교,이교구,136,59,"이교구 교수님은 음성/오디오/음악정보검색, AI/머신러닝/데이터마이닝, 오디오 신호처리 분야를 연구합니다."
서울대학교,이상구,303,65,"이상구 교수님은 데이터 시스템, 이미지를 생성하고 변형하는 컴퓨터비전, AI/머신러닝/데이터마이닝 분야를 연구합니다."
서울대학교,이영기,303,68,"이영기 교수님은 그래픽스 및 사람 중심 컴퓨팅, 휴먼–컴퓨터 인터랙션 기술을 혁신하고, 온디바이스 AI 분야를 연구합니다."
서울대학교,이원종,137,50,"이원종 교수님은 네트워크/무선통신/모바일컴퓨팅, 통신 시스템, 신호처리 분야를 연구합니다."
서울대학교,이재욱,302,63,"이재욱 교수님은 컴퓨터구조 및 임베디드 시스템, 반도체 회로/SoC/AI하드웨어, 병렬 컴퓨팅 분야를 연구합니다."
서울대학교,이재진,303,58,"이재진 교수님은 시스템 소프트웨어, 반도체 회로/SoC/AI하드웨어, 프로그래밍 모델 분야를 연구합니다."
서울대학교,이제희,303,63,"이제희 교수님은 물리 기반 동작 제어, 데이터 기반 동작 학습 및 생성, 사실적인 인체 모델링 분야를 연구합니다."
서울대학교,이중식,137,63,"이중식 교수님은 사용자 경험, User experience, interaction design 분야를 연구합니다."
서울대학교,이창건,303,61,"이창건 교수님은 네트워크/무선통신/모바일컴퓨팅, 실시간 임베디드 시스템, 멀티미디어 시스템 분야를 연구합니다."
서울대학교,장병탁,303,65,"장병탁 교수님은 뉴런, 브레인 수준에서의 인지적 바이오정보처리 모델을, AI/머신러닝/데이터마이닝 분야를 연구합니다."
서울대학교,전병곤,303,52,"전병곤 교수님은 시스템 소프트웨어, 클라우드 컴퓨팅, 모빌 클라우드 시스템 분야를 연구합니다."
서울대학교,정대룡,303,45,"정대룡 교수님은 시스템 소프트웨어, 하이퍼바이저, 시스템 보안 분야를 연구합니다."
서울대학교,주한별,259,56,"주한별 교수님은 이와 관련된 컴퓨터 비젼, 머신러닝, 컴퓨터비전/멀티모달/영상이해 분야를 연구합니다."
서울대학교,최수연,368,55,"최수연 교수님은 계산 디스플레이, AR/VR 디스플레이, 공간 컴퓨팅 디스플레이 분야를 연구합니다."
서울대학교,췐링 판(범성림),303,63,"췐링 판(범성림) 교수님은 알고리즘 및 정보 보안, AI/머신러닝/데이터마이닝, 알고리즘 이론 분야를 연구합니다."
서울대학교,하순회,303,66,"하순회 교수님은 하드웨어-소프트웨어 통합설계 방법론, 병렬 임베디드 시스템 설계, 임베디드 딥 러닝 분야를 연구합니다."
서울대학교,허충길,295,49,"허충길 교수님은 프로그래밍 원리 및 도구, 소프트웨어 검증, 정리증명 분야를 연구합니다."
서울대학교,황승원,293,53,"황승원 교수님은 AI/머신러닝/데이터마이닝, 자연어 이해, 지식 데이터 지능 분야를 연구합니다."
서울대학교,강지형,116,40,"강지형 교수님은 유기화학, 고분자/재료화학, 나노화학 분야를 연구합니다."
서울대학교,김경택,119,40,"김경택 교수님은 유기화학, 고분자/재료화학, 나노화학 분야를 연구합니다."
서울대학교,김상민,111,40,"김상민 교수님은 무기화학, 유기화학, 고분자/재료화학 분야를 연구합니다."
서울대학교,김석희,81,38,"김석희 교수님은 생화학, 생체분자, 천연물 생합성 분야를 연구합니다."
서울대학교,김성연,87,34,"김성연 교수님은 생화학, 뇌과학, 신경화학 분야를 연구합니다."
서울대학교,김예진,110,38,"김예진 교수님은 물리화학, 나노화학, 에너지/환경 분야를 연구합니다."
서울대학교,김지환,177,41,"김지환 교수님은 물리화학, 나노화학, 빛-분자 상호작용 분야를 연구합니다."
서울대학교,남좌민,108,40,"남좌민 교수님은 무기화학, 고분자/재료화학, 나노화학 분야를 연구합니다."
서울대학교,데이비드 첸,79,37,"데이비드 첸 교수님은 유기화학, 촉매, 촉매반응 분야를 연구합니다."
서울대학교,민달희,110,39,"민달희 교수님은 생화학, 유기화학, 고분자/재료화학 분야를 연구합니다."
서울대학교,박승범,92,34,"박승범 교수님은 생화학, 유기화학, 치료제 분야를 연구합니다."
서울대학교,서필준,180,36,"서필준 교수님은 생화학, 크로마틴, 후성유전학 분야를 연구합니다."
서울대학교,석차옥,100,37,"석차옥 교수님은 물리화학, 이론/계산, 생체분자 분야를 연구합니다."
서울대학교,손병혁,108,42,"손병혁 교수님은 고분자/재료화학, 나노화학, 고분자 합성 분야를 연구합니다."
서울대학교,손창윤,126,39,"손창윤 교수님은 생화학, 물리화학, 고분자/재료화학 분야를 연구합니다."
서울대학교,송윤주,91,36,"송윤주 교수님은 생화학, 무기화학, 단백질공학 분야를 연구합니다."
서울대학교,신석민,102,37,"신석민 교수님은 물리화학, 이론/계산, 자가조립 분야를 연구합니다."
서울대학교,이남기,98,38,"이남기 교수님은 생화학, 물리화학, 단분자 이미징 분야를 연구합니다."
서울대학교,이동환,118,40,"이동환 교수님은 무기화학, 유기화학, 고분자/재료화학 분야를 연구합니다."
서울대학교,이승훈,99,37,"이승훈 교수님은 물리화학, 이론/계산, 전자전달 분야를 연구합니다."
서울대학교,이연,109,42,"이연 교수님은 생화학, 고분자/재료화학, 외부 신호 응답 분야를 연구합니다."
서울대학교,이윤호,103,38,"이윤호 교수님은 무기화학, 에너지/환경, 전자전달 분야를 연구합니다."
서울대학교,이은성,114,42,"이은성 교수님은 무기화학, 고분자/재료화학, 에너지/환경 분야를 연구합니다."
서울대학교,이정호,90,34,"이정호 교수님은 생화학, 물리화학, 분광학 분야를 연구합니다."
서울대학교,이준석,184,34,"이준석 교수님은 생화학, 유기화학, 치료제 분야를 연구합니다."
서울대학교,이철범,93,41,"이철범 교수님은 유기화학, 유기금속화학, 유기금속 촉매 분야를 연구합니다."
서울대학교,이현우,179,35,"이현우 교수님은 생화학, 유기화학, 생체분자 분야를 연구합니다."
서울대학교,이형호,83,38,"이형호 교수님은 생화학, 생체분자, 천연물 생합성 분야를 연구합니다."
서울대학교,이홍근,98,37,"이홍근 교수님은 유기화학, 에너지/환경, 고분자 분야를 연구합니다."
서울대학교,임종우,189,40,"임종우 교수님은 분석화학, 물리화학, 고분자/재료화학 분야를 연구합니다."
서울대학교,정연준,104,37,"정연준 교수님은 물리화학, 이론/계산, 나노화학 분야를 연구합니다."
서울대학교,정택동,103,38,"정택동 교수님은 분석화학, 나노화학, 에너지/환경 분야를 연구합니다."
서울대학교,주상훈,112,40,"주상훈 교수님은 무기화학, 고분자/재료화학, 나노화학 분야를 연구합니다."
서울대학교,홍병희,113,40,"홍병희 교수님은 물리화학, 고분자/재료화학, 나노화학 분야를 연구합니다."
서울대학교,홍승윤,101,41,"홍승윤 교수님은 유기화학, 주족원소화학, 주족원소 촉매 분야를 연구합니다."
서울대학교,황윤정,123,40,"황윤정 교수님은 분석화학, 물리화학, 고분자/재료화학 분야를 연구합니다."
서울대학교,강종헌,303,46,"강종헌 교수님은 공정시스템, 무기 및 전기전자 소재, 다공성소재 분야를 연구합니다."
서울대학교,김대형,325,53,"김대형 교수님은 무기 및 전기전자 소재, 소프트 일렉트로닉스, 유연 전자소자 분야를 연구합니다."
서울대학교,김도희,303,35,"김도희 교수님은 공정시스템, 촉매, 반응공학 분야를 연구합니다."
서울대학교,김병수,159,44,"김병수 교수님은 생물 및 환경, 재생 바이오 의공학, 면역학 분야를 연구합니다."
서울대학교,김소연,303,42,"김소연 교수님은 고분자 및 유기 소재, 콜로이드, 배터리 분야를 연구합니다."
서울대학교,김연상,302,55,"김연상 교수님은 무기 및 전기전자 소재, 고분자 및 유기 소재, 나노계면소재공정 분야를 연구합니다."
서울대학교,김정욱,302,51,"김정욱 교수님은 고분자 및 유기 소재, 생물 및 환경, 고분자 의생명공학 분야를 연구합니다."
서울대학교,김준원,303,39,"김준원 교수님은 생물 및 환경, 단백질, 효소 공학 분야를 연구합니다."
서울대학교,김지현,302,52,"김지현 교수님은 공정시스템, 반도체 공정, 반도체 회로/SoC/AI하드웨어 분야를 연구합니다."
서울대학교,남재욱,383,43,"남재욱 교수님은 고분자 및 유기 소재, 미세유체, 코팅공정 분야를 연구합니다."
서울대학교,류재윤,303,53,"류재윤 교수님은 무기 및 전기전자 소재, 고분자 및 유기 소재, 물리전기화학 분야를 연구합니다."
서울대학교,박정원,303,45,"박정원 교수님은 무기 및 전기전자 소재, 물리화학, 재료 물리 분야를 연구합니다."
서울대학교,백승렬,303,36,"백승렬 교수님은 생물 및 환경, 생화학, 무기 분야를 연구합니다."
서울대학교,서상우,303,39,"서상우 교수님은 생물 및 환경, 시스템, 합성생물학 분야를 연구합니다."
서울대학교,성영은,303,45,"성영은 교수님은 무기 및 전기전자 소재, 전기화학에너지, 촉매 분야를 연구합니다."
서울대학교,안경현,302,36,"안경현 교수님은 공정시스템, 미세유변학, 공정 분야를 연구합니다."
서울대학교,오준학,302,53,"오준학 교수님은 무기 및 전기전자 소재, 고분자 및 유기 소재, 고분자 재료 분야를 연구합니다."
서울대학교,유동원,303,46,"유동원 교수님은 고분자 및 유기 소재, 생물 및 환경, 유기합성 분야를 연구합니다."
서울대학교,윤제용,303,46,"윤제용 교수님은 생물 및 환경, 물환경에너지공학, 기후에너지정책 분야를 연구합니다."
서울대학교,윤태준,303,36,"윤태준 교수님은 공정시스템, 열역학, 분리공정 분야를 연구합니다."
서울대학교,이건희,303,51,"이건희 교수님은 무기 및 전기전자 소재, 전기화학적 이산화탄소포집, 전환 분야를 연구합니다."
서울대학교,이규태,296,46,"이규태 교수님은 무기 및 전기전자 소재, 전기화학공학, 이차전지 분야를 연구합니다."
서울대학교,이원보,303,46,"이원보 교수님은 공정시스템, 고분자 및 유기 소재, 나노재료이론 분야를 연구합니다."
서울대학교,이종민,303,38,"이종민 교수님은 공정시스템, 에너지공정공학, 공정 분야를 연구합니다."
서울대학교,이종찬,303,44,"이종찬 교수님은 고분자 및 유기 소재, 고분자화학, 전기화학 분야를 연구합니다."
서울대학교,이창하,303,38,"이창하 교수님은 공정시스템, 생물 및 환경, 공정 분야를 연구합니다."
서울대학교,정상택,302,39,"정상택 교수님은 생물 및 환경, 항체, 단백질 공학 분야를 연구합니다."
서울대학교,정유성,303,37,"정유성 교수님은 공정시스템, 계산 화학, 데이터 분야를 연구합니다."
서울대학교,정인,303,45,"정인 교수님은 무기 및 전기전자 소재, 무기화학, 소재 디자인 분야를 연구합니다."
서울대학교,최장욱,303,45,"최장욱 교수님은 무기 및 전기전자 소재, 전기화학, 에너지공학 분야를 연구합니다."
서울대학교,한지숙,302,41,"한지숙 교수님은 생물 및 환경, 미생물공학, 합성생물학 분야를 연구합니다."
서울대학교,현택환,302,50,"현택환 교수님은 무기 및 전기전자 소재, 기능성 무기 나노 소재, 촉매 분야를 연구합니다."
서울대학교,홍무선,303,42,"홍무선 교수님은 공정시스템, 생물 및 환경, 첨단제조공정 분야를 연구합니다."
서울대학교,황석연,303,45,"황석연 교수님은 생물 및 환경, 바이오메디칼공학, 생체모방재료 분야를 연구합니다."
서울대학교,강진수,93,65,"강진수 교수님은 이차전지 및 전극 재활용, 전기화학적 분리 및 회수, 폐배터리 리튬 및 니켈 회수 분야를 연구합니다."
서울대학교,최성열,97,60,"최성열 교수님은 폐리튬이온 배터리 재활용, 친환경 용매 기반 금속 회수, 용융염 전기화학 분야를 연구합니다."
KAIST,안재욱,134,48,"안재욱 교수님은 양자컴퓨팅, 리드버그 원자 양자컴퓨터, 양자알고리즘 분야를 연구합니다."
KAIST,조길영,150,56,"조길영 교수님은 이론 응집물질 물리학, 양자 정보 과학, 전산이론/알고리즘/그래프 분야를 연구합니다."
KAIST,조성재,150,41,"조성재 교수님은 실험 응집물질, 양자수송, 스핀트로닉스 분야를 연구합니다."
KAIST,조용훈,150,62,"조용훈 교수님은 반도체 양자점, 결함과 공진기 구조가 결합된 양자포토닉스 연구, 반도체 물리 분야를 연구합니다."
KAIST,최형순,140,49,"최형순 교수님은 양자물질 (양자유체), 양자소자, 하이브리드양자시스템 분야를 연구합니다."
KAIST,최재윤,150,49,"최재윤 교수님은 양자 시뮬레이터, 중성원자 광격자계, 양자 다체 문제 분야를 연구합니다."
KAIST,한명준,97,39,"한명준 교수님은 응집물질 이론, 계산물리, 전자구조 분야를 연구합니다."
KAIST,홍성우,150,42,"홍성우 교수님은 입자물리 이론, 양자장론, 고에너지 이론 분야를 연구합니다."
KAIST,정하웅,97,38,"정하웅 교수님은 통계물리, 복잡계, 네트워크 과학 분야를 연구합니다."
KAIST,강명수,142,56,"강명수 교수님은 광도파로 기반 양자광학, 양자 이미징, 양자광 기반 측정 및 센싱 분야를 연구합니다."
KAIST,김동규,150,36,"김동규 교수님은 양자기술, 원자물리, 양자광학 분야를 연구합니다."
KAIST,김은성,150,53,"김은성 교수님은 초전도 양자 컴퓨팅, 초전도 양자소자전기학, 초유체 양자계측 분야를 연구합니다."
KAIST,김희연,150,35,"김희연 교수님은 수리물리, 양자장론, 끈이론 분야를 연구합니다."
KAIST,김준한,149,35,"김준한 교수님은 우주론, 천체물리, 전파천문 분야를 연구합니다."
KAIST,김갑진,150,60,"김갑진 교수님은 양자 하이브리드 시스템, 양자 마그노닉스, 양자 스핀구조 및 스핀 동역학 분야를 연구합니다."
KAIST,김세권,150,60,"김세권 교수님은 양자 하이브리드 시스템, 양자 마그노닉스, 양자 스핀구조 및 스핀 동역학 분야를 연구합니다."
KAIST,김용관,150,42,"김용관 교수님은 실험 응집물질, 전자구조 측정, 강상관계 분야를 연구합니다."
KAIST,김용운,119,43,"김용운 교수님은 통계물리 이론, 비평형 통계물리, 이론물리 분야를 연구합니다."
KAIST,김용현,119,48,"김용현 교수님은 계산 응집물질, 양자재료 시뮬레이션, 전자구조 이론 분야를 연구합니다."
KAIST,이한석,149,51,"이한석 교수님은 온 칩 양자광학소자, 양자 시간 센서, 양자 신호 변환기 분야를 연구합니다."
KAIST,이혜성,139,49,"이혜성 교수님은 입자물리 이론, 고에너지 현상론, 표준모형 너머 물리 분야를 연구합니다."
KAIST,이경진,77,60,"이경진 교수님은 양자 하이브리드 시스템, 양자 마그노닉스, 양자 스핀구조 및 스핀 동역학 분야를 연구합니다."
KAIST,이성빈,150,40,"이성빈 교수님은 양자물질 이론, 강상관계, 자성 이론 분야를 연구합니다."
KAIST,이원희,150,37,"이원희 교수님은 생물물리, 바이오센싱, 미세유체 분야를 연구합니다."
KAIST,민범기,150,34,"민범기 교수님은 포토닉스, 인공 유효 물질 분야를 연구합니다."
KAIST,문은국,99,43,"문은국 교수님은 양자 다체 이론, 응집물질 이론, 강상관계 분야를 연구합니다."
KAIST,안드레이 모스칼렌코,145,48,"안드레이 모스칼렌코 교수님은 이론 광학, 양자광학, 초고속 포토닉스 분야를 연구합니다."
KAIST,오창훈,77,61,"오창훈 교수님은 양자 컴퓨팅 및 양자 정보 이론, 전산이론/알고리즘/그래프, 양자정보 이론 분야를 연구합니다."
KAIST,박용근,75,41,"박용근 교수님은 바이오광학, 정량위상영상, 광학 현미경 분야를 연구합니다."
KAIST,라영식,96,53,"라영식 교수님은 양자압축 상태 기반 양자계측, 연속변수 양자컴퓨팅, 양자통신 분야를 연구합니다."
KAIST,이상민,71,41,"이상민 교수님은 레이저 물리, 초고속 레이저, 포토닉스 분야를 연구합니다."
KAIST,서민교,112,63,"서민교 교수님은 비선형 마이크로 공진기 기반 양자 광학 소자, 마이크로파 - 광학 광자간 변환 분야를 연구합니다."
KAIST,심흥선,150,58,"심흥선 교수님은 양자 전기 소자 이론, 동적 전자 큐빗, 애니온 및 위상 양자 컴퓨팅 분야를 연구합니다."
KAIST,손민호,113,40,"손민호 교수님은 입자물리, 고에너지 물리, 기본 입자 분야를 연구합니다."
KAIST,송재원,140,35,"송재원 교수님은 양자장론, 끈이론, 이론물리 분야를 연구합니다."
KAIST,서선옥,149,38,"서선옥 교수님은 양자중력, 양자응집물질, 양자정보 분야를 연구합니다."
KAIST,양찬호,150,50,"양찬호 교수님은 양자물질 창발현상, 산화물 기반 양자소자, 양자이오닉스 분야를 연구합니다."
KAIST,양희준,67,50,"양희준 교수님은 양자 에너지 소자, 저차원 물질 소자, 반도체 소자물리 분야를 연구합니다."
KAIST,양용수,64,59,"양용수 교수님은 연료전지 촉매 원자 단위 분석, 다차원 전자현미경, 실험 응집물질 물리 분야를 연구합니다."
KAIST,강진영,150,35,"강진영 교수님은 물리화학, 분광학, 계산화학 분야를 연구합니다."
KAIST,권오훈,150,35,"권오훈 교수님은 물리화학, 분광학, 계산화학 분야를 연구합니다."
KAIST,김상규,150,35,"김상규 교수님은 물리화학, 분광학, 계산화학 분야를 연구합니다."
KAIST,김우연,149,35,"김우연 교수님은 물리화학, 분광학, 계산화학 분야를 연구합니다."
KAIST,김태규,150,35,"김태규 교수님은 물리화학, 분광학, 계산화학 분야를 연구합니다."
KAIST,김현우,150,36,"김현우 교수님은 유기화학, 유기합성, 의약화학 분야를 연구합니다."
KAIST,김형준,150,35,"김형준 교수님은 물리화학, 분광학, 계산화학 분야를 연구합니다."
KAIST,데이비드 조지 처칠,149,43,"데이비드 조지 처칠 교수님은 유기화학, 유기합성, 의약화학 분야를 연구합니다."
KAIST,박기영,150,35,"박기영 교수님은 물리화학, 분광학, 계산화학 분야를 연구합니다."
KAIST,박선아,150,38,"박선아 교수님은 무기화학, 배위화학, 유기금속화학 분야를 연구합니다."
KAIST,박윤수,150,36,"박윤수 교수님은 유기화학, 유기합성, 의약화학 분야를 연구합니다."
KAIST,박정영,150,35,"박정영 교수님은 물리화학, 분광학, 계산화학 분야를 연구합니다."
KAIST,박희성,149,36,"박희성 교수님은 생화학, 화학생물학, 생체분자 분야를 연구합니다."
KAIST,백무현,150,35,"백무현 교수님은 물리화학, 분광학, 계산화학 분야를 연구합니다."
KAIST,백윤정,150,36,"백윤정 교수님은 유기화학, 유기합성, 의약화학 분야를 연구합니다."
KAIST,변혜령,150,35,"변혜령 교수님은 분석화학, 바이오분석, 센싱 분야를 연구합니다."
KAIST,서명은,150,37,"서명은 교수님은 재료화학, 나노소재, 에너지소재 분야를 연구합니다."
KAIST,송현준,150,38,"송현준 교수님은 무기화학, 배위화학, 유기금속화학 분야를 연구합니다."
KAIST,윤동기,150,36,"윤동기 교수님은 유기화학, 유기합성, 의약화학 분야를 연구합니다."
KAIST,이영민,150,35,"이영민 교수님은 물리화학, 분광학, 계산화학 분야를 연구합니다."
KAIST,이윤미,150,36,"이윤미 교수님은 유기화학, 유기합성, 의약화학 분야를 연구합니다."
KAIST,이해신,150,36,"이해신 교수님은 생화학, 화학생물학, 생체분자 분야를 연구합니다."
KAIST,이효철,150,35,"이효철 교수님은 물리화학, 분광학, 계산화학 분야를 연구합니다."
KAIST,이희승,149,36,"이희승 교수님은 유기화학, 유기합성, 의약화학 분야를 연구합니다."
KAIST,임미희,150,36,"임미희 교수님은 유기화학, 유기합성, 의약화학 분야를 연구합니다."
KAIST,장석복,150,36,"장석복 교수님은 유기화학, 유기합성, 의약화학 분야를 연구합니다."
KAIST,전용웅,150,36,"전용웅 교수님은 유기화학, 유기합성, 의약화학 분야를 연구합니다."
KAIST,정용원,150,36,"정용원 교수님은 생화학, 화학생물학, 생체분자 분야를 연구합니다."
KAIST,최인성,150,36,"최인성 교수님은 유기화학, 유기합성, 의약화학 분야를 연구합니다."
KAIST,한상우,150,35,"한상우 교수님은 물리화학, 분광학, 계산화학 분야를 연구합니다."
KAIST,한순규,150,36,"한순규 교수님은 유기화학, 유기합성, 의약화학 분야를 연구합니다."
KAIST,홍순혁,150,36,"홍순혁 교수님은 유기화학, 유기합성, 의약화학 분야를 연구합니다."
KAIST,홍승우,150,36,"홍승우 교수님은 유기화학, 유기합성, 의약화학 분야를 연구합니다."
KAIST,황승준,53,52,"황승준 교수님은 배터리 및 수소연료전지 촉매 설계, 유기금속화학, 재료화학 분야를 연구합니다."
KAIST,김상식,150,47,"김상식 교수님은 집적 양자 나노광학, 양자 주파수 빗, 양자 센싱 분야를 연구합니다."
KAIST,류석영,150,44,"류석영 교수님은 프로그래밍 언어, 컴파일러, 프로그래밍 환경 분야를 연구합니다."
KAIST,배준우,149,54,"배준우 교수님은 양자정보이론, 반도체 소자 및 공정, 전산이론/알고리즘/그래프 분야를 연구합니다."
KAIST,손영익,150,40,"손영익 교수님은 양자 컴퓨팅, 양자 통신, 양자 광학 분야를 연구합니다."
KAIST,유경식,149,51,"유경식 교수님은 광집적회로, 광자 기반 양자 센싱, 선형 광 양자 컴퓨팅 분야를 연구합니다."
KAIST,유홍기,150,63,"유홍기 교수님은 생체의광학 및 광의료진단, 광학 측정 시스템 개발, 디스플레이/포토닉스/광전자 분야를 연구합니다."
KAIST,이준구,150,40,"이준구 교수님은 양자 컴퓨팅, 양자 정보, 광전자공학 분야를 연구합니다."
KAIST,최성율,149,43,"최성율 교수님은 2차원 반도체 합성, 광전기 소자, 메모리 분야를 연구합니다."
KAIST,강석조,150,35,"강석조 교수님은 면역학, 암면역, 세포생물학 분야를 연구합니다."
KAIST,김미영,149,49,"김미영 교수님은 유전체/계산생물학/바이오정보학, 암생물학, 후성유전학 분야를 연구합니다."
KAIST,김세윤,150,49,"김세윤 교수님은 유전체/계산생물학/바이오정보학, 생화학, 대사신호전달 분야를 연구합니다."
KAIST,김윤기,139,52,"김윤기 교수님은 유전체/계산생물학/바이오정보학, RNA 생물학, 분자생물학 분야를 연구합니다."
KAIST,김은준,148,39,"김은준 교수님은 신경생물학, 시냅스 생물학, 뇌질환 분야를 연구합니다."
KAIST,김재경,150,49,"김재경 교수님은 유전체/계산생물학/바이오정보학, 수리생물, 의생명수학 분야를 연구합니다."
KAIST,김재훈,110,54,"김재훈 교수님은 유전체/계산생물학/바이오정보학, 식물/발생/생체리듬, 이산수학 분야를 연구합니다."
KAIST,김진우,148,45,"김진우 교수님은 식물/발생/생체리듬, 발생신경생물학, 줄기세포 분야를 연구합니다."
KAIST,김호민,150,41,"김호민 교수님은 구조생물학, 단백질 설계, 면역 단백질 분야를 연구합니다."
KAIST,남윤성,146,38,"남윤성 교수님은 바이오소재, 생명공학, 단백질공학 분야를 연구합니다."
KAIST,박민희,98,43,"박민희 교수님은 세포생물학, 세포 항상성, 유전자 논리회로 분야를 연구합니다."
KAIST,박승열,125,41,"박승열 교수님은 미생물 병원성, 감염생물학, 세포생물학 분야를 연구합니다."
KAIST,배준환,121,56,"배준환 교수님은 유전체/계산생물학/바이오정보학, 식물/발생/생체리듬, 유전체 조절 분야를 연구합니다."
KAIST,손종우,110,39,"손종우 교수님은 대사신경과학, 신경회로, 섭식 행동 분야를 연구합니다."
KAIST,송지준,140,50,"송지준 교수님은 유전체/계산생물학/바이오정보학, 구조생물학, 후성유전학 분야를 연구합니다."
KAIST,양한슬,109,37,"양한슬 교수님은 신경회로, 행동신경과학, 뇌기능 분야를 연구합니다."
KAIST,오병하,137,41,"오병하 교수님은 단백질 구조생물학, 생화학, 분자 인식 분야를 연구합니다."
KAIST,윤기준,111,56,"윤기준 교수님은 유전체/계산생물학/바이오정보학, 식물/발생/생체리듬, 발생유전체학 분야를 연구합니다."
KAIST,이광록,93,44,"이광록 교수님은 분자세포생물학, 단백질 기능, 세포 신호전달 분야를 연구합니다."
KAIST,이규리,78,40,"이규리 교수님은 면역조절, T 세포 생물학, 염증질환 분야를 연구합니다."
KAIST,이균민,116,43,"이균민 교수님은 동물세포공학, 바이오공정, 바이오의약 생산 분야를 연구합니다."
KAIST,이대엽,116,51,"이대엽 교수님은 유전체/계산생물학/바이오정보학, 후성유전체학, 전사 조절 분야를 연구합니다."
KAIST,이소현,106,44,"이소현 교수님은 세포 동역학, 분자세포생물학, 질병 조절경로 분야를 연구합니다."
KAIST,이승재,129,39,"이승재 교수님은 노화생물학, 대사유전학, 장수 연구 분야를 연구합니다."
KAIST,이승희,93,38,"이승희 교수님은 시각신경과학, 감각처리, 신경회로 분야를 연구합니다."
KAIST,이흥규,106,39,"이흥규 교수님은 면역학, 마이크로바이옴, 감염/염증 분야를 연구합니다."
KAIST,임대식,115,49,"임대식 교수님은 암생물학, Hippo/YAP 신호전달, 세포 성장조절 분야를 연구합니다."
KAIST,임정훈,85,56,"임정훈 교수님은 유전체/계산생물학/바이오정보학, 식물/발생/생체리듬, 신경생체리듬 분야를 연구합니다."
KAIST,전상용,150,37,"전상용 교수님은 나노의학, 약물전달, 바이오의약 분야를 연구합니다."
KAIST,정민환,89,42,"정민환 교수님은 시스템신경과학, 의사결정, 기억 신경회로 분야를 연구합니다."
KAIST,정원석,92,38,"정원석 교수님은 신경면역, 글리아 생물학, 뇌질환 분야를 연구합니다."
KAIST,정인경,123,51,"정인경 교수님은 유전체/계산생물학/바이오정보학, 3D 게놈, 후성유전체학 분야를 연구합니다."
KAIST,정현정,87,44,"정현정 교수님은 질병 세포생물학, 세포 신호전달, 분자생물학 분야를 연구합니다."
KAIST,조원기,122,53,"조원기 교수님은 유전체/계산생물학/바이오정보학, 단일분자 생물학, 생물물리학 분야를 연구합니다."
KAIST,최길주,107,57,"최길주 교수님은 유전체/계산생물학/바이오정보학, 식물/발생/생체리듬, 식물발생생물학 분야를 연구합니다."
KAIST,한진희,79,46,"한진희 교수님은 기억 신경회로, 뇌질환, 바이오/의생명/약물전달 분야를 연구합니다."
KAIST,허원도,140,39,"허원도 교수님은 광유전학, 합성생물학, RNA 편집 분야를 연구합니다."
KAIST,홍인기,112,49,"홍인기 교수님은 유전체/계산생물학/바이오정보학, 분자생물학, 유전체학 분야를 연구합니다."
KAIST,정재승,98,44,"정재승 교수님은 의사결정, 뇌영상 인지신경과학, 계산신경과학 분야를 연구합니다."
KAIST,김대수,77,36,"김대수 교수님은 신경생물학, 행동학, 본능행동 분야를 연구합니다."
KAIST,백세범,65,41,"백세범 교수님은 계산뇌과학, 시스템 신경과학, 자연지능 분야를 연구합니다."
KAIST,이상완,87,42,"이상완 교수님은 뇌기반 인공지능, 계산신경과학, 강화학습 분야를 연구합니다."
KAIST,권정태,72,49,"권정태 교수님은 사회행동의 신경생리학, 신경조절물질, 시스템 신경과학 분야를 연구합니다."
KAIST,이승우,79,44,"이승우 교수님은 뇌-기계 인터페이스, 신경보철공학, 인공시각 분야를 연구합니다."
KAIST,최민이,79,40,"최민이 교수님은 파킨슨, 치매, AI-기반 약물 개발 분야를 연구합니다."
KAIST,감태인,73,39,"감태인 교수님은 알츠하이머, 파킨슨병, 퇴행성뇌질환 분야를 연구합니다."
KAIST,박형동,72,42,"박형동 교수님은 뇌-신체 상호작용, 지각적 의식, 자의식 분야를 연구합니다."
KAIST,박수현,77,45,"박수현 교수님은 시각 신경계, 동적 시각, 자연스러운 시각경험 분야를 연구합니다."
KAIST,이영준,74,45,"이영준 교수님은 뇌-컴퓨터 인터페이스, 인공 신경, 신경 보철 분야를 연구합니다."
KAIST,김자경,80,51,"김자경 교수님은 수면의 기능과 조절, 분자신경생리학, 수면 미세구조 분석 분야를 연구합니다."
KAIST,양재현,75,43,"양재현 교수님은 역노화, 뇌 노화, 후성유전체 리프로그래밍 분야를 연구합니다."
KAIST,김대욱,77,49,"김대욱 교수님은 계산신경과학, 비선형 상태 공간 추정, 복잡계 모델링 분야를 연구합니다."
KAIST,조성익,75,42,"조성익 교수님은 유전자 교정, 유전자 치료, 미토콘드리아 분야를 연구합니다."
KAIST,이지훈,72,49,"이지훈 교수님은 신경 보철, 무선 신경 임플란트, 뇌-기계 인터페이스 분야를 연구합니다."
KAIST,이병욱,71,47,"이병욱 교수님은 노화 및 퇴행성 뇌질환, 뇌 회복 탄력성, 커넥톰 분야를 연구합니다."
KAIST,강평원,67,37,"강평원 교수님은 사회학습, 내외집단 행동, 공감 분야를 연구합니다."
KAIST,고상윤,70,40,"고상윤 교수님은 학습과 기억, 기억세포, 신경발달장애 분야를 연구합니다."
KAIST,김진훈,68,62,"김진훈 교수님은 신경모사공학, 온 디바이스 컴퓨팅, 나노소재 기반 뉴런 및 시냅스 모방 소자 분야를 연구합니다."
KAIST,Song Ih Ahn,72,66,"Song Ih Ahn 교수님은 소재/역학/제조, 헬스케어/나노/광학, 기계공학 AI/데이터기반 설계 분야를 연구합니다."
KAIST,Choongsik Bae,61,64,"Choongsik Bae 교수님은 로보틱스/제어/모빌리티, 소재/역학/제조, 에너지/열유체/환경 분야를 연구합니다."
KAIST,배중면,63,46,"배중면 교수님은 수소 활용, 고체산화물연료전지, 연료전지 시스템 분야를 연구합니다."
KAIST,Gi-Dong Sim,66,67,"Gi-Dong Sim 교수님은 패키징/인터커넥트/신뢰성, 소재/역학/제조, 반도체/마이크로나노/패키징 분야를 연구합니다."
KAIST,Inkyu Park,67,59,"Inkyu Park 교수님은 소재/역학/제조, 에너지/열유체/환경, 헬스케어/나노/광학 분야를 연구합니다."
KAIST,Ki-Uk Kyung,59,62,"Ki-Uk Kyung 교수님은 로보틱스/제어/모빌리티, 소재/역학/제조, 헬스케어/나노/광학 분야를 연구합니다."
KAIST,Hae-Won Park,58,69,"Hae-Won Park 교수님은 로보틱스/제어/모빌리티, 소재/역학/제조, 기계공학 AI/데이터기반 설계 분야를 연구합니다."
KAIST,Miso Kim,66,57,"Miso Kim 교수님은 소재/역학/제조, 에너지/열유체/환경, 헬스케어/나노/광학 분야를 연구합니다."
KAIST,Kuk-Jin Yoon,62,63,"Kuk-Jin Yoon 교수님은 로보틱스/제어/모빌리티, 소재/역학/제조, 헬스케어/나노/광학 분야를 연구합니다."
KAIST,Sanha Kim,83,61,"Sanha Kim 교수님은 패키징/인터커넥트/신뢰성, 소재/역학/제조, 에너지/열유체/환경 분야를 연구합니다."
KAIST,Youngsuk Nam,54,67,"Youngsuk Nam 교수님은 소재/역학/제조, 에너지/열유체/환경, 기계공학 AI/데이터기반 설계 분야를 연구합니다."
KAIST,Taek-Soo Kim,67,66,"Taek-Soo Kim 교수님은 패키징/인터커넥트/신뢰성, 로보틱스/제어/모빌리티, 소재/역학/제조 분야를 연구합니다."
KAIST,Hyoungsoo Kim,72,64,"Hyoungsoo Kim 교수님은 로보틱스/제어/모빌리티, 소재/역학/제조, 에너지/열유체/환경 분야를 연구합니다."
KAIST,Seong Su Kim,58,74,"Seong Su Kim 교수님은 Composite manufacturing, Composite design, En 분야를 연구합니다."
KAIST,Wonju Jeon,69,53,"Wonju Jeon 교수님은 소재/역학/제조, 기계공학 AI/데이터기반 설계 분야를 연구합니다."
KAIST,Hongki Yoo,77,65,"Hongki Yoo 교수님은 소재/역학/제조, 헬스케어/나노/광학, 기계공학 AI/데이터기반 설계 분야를 연구합니다."
KAIST,Jung Kim,72,59,"Jung Kim 교수님은 로보틱스/제어/모빌리티, 소재/역학/제조, 헬스케어/나노/광학 분야를 연구합니다."
KAIST,Minkyun Noh,74,62,"Minkyun Noh 교수님은 로보틱스/제어/모빌리티, 소재/역학/제조, 헬스케어/나노/광학 분야를 연구합니다."
KAIST,Kyung-Soo Kim,81,71,"Kyung-Soo Kim 교수님은 반도체 회로/SoC/AI하드웨어, 로보틱스/제어/모빌리티, 소재/역학/제조 분야를 연구합니다."
KAIST,HyungSoon Park,66,65,"HyungSoon Park 교수님은 로보틱스/제어/모빌리티, 소재/역학/제조, 헬스케어/나노/광학 분야를 연구합니다."
KAIST,Ilkwon Oh,59,60,"Ilkwon Oh 교수님은 로보틱스/제어/모빌리티, 소재/역학/제조, 에너지/열유체/환경 분야를 연구합니다."
KAIST,Je Min Hwangbo,66,71,"Je Min Hwangbo 교수님은 로보틱스/제어/모빌리티, 소재/역학/제조, 기계공학 AI/데이터기반 설계 분야를 연구합니다."
KAIST,Donguk Nam,63,62,"Donguk Nam 교수님은 패키징/인터커넥트/신뢰성, 소재/역학/제조, 헬스케어/나노/광학 분야를 연구합니다."
KAIST,Jitae Kim,63,65,"Jitae Kim 교수님은 반도체 회로/SoC/AI하드웨어, 소재/역학/제조, 헬스케어/나노/광학 분야를 연구합니다."
KAIST,Seunghwa Ryu,68,67,"Seunghwa Ryu 교수님은 소재/역학/제조, 에너지/열유체/환경, 기계공학 AI/데이터기반 설계 분야를 연구합니다."
KAIST,Seungbum Koo,71,63,"Seungbum Koo 교수님은 로보틱스/제어/모빌리티, 소재/역학/제조, 헬스케어/나노/광학 분야를 연구합니다."
KAIST,Kyoungchul Kong,71,66,"Kyoungchul Kong 교수님은 로보틱스/제어/모빌리티, 소재/역학/제조, 헬스케어/나노/광학 분야를 연구합니다."
KAIST,Sukyung Park,57,63,"Sukyung Park 교수님은 로보틱스/제어/모빌리티, 소재/역학/제조, 헬스케어/나노/광학 분야를 연구합니다."
KAIST,Doo Yong Lee,53,69,"Doo Yong Lee 교수님은 로보틱스/제어/모빌리티, 소재/역학/제조, 기계공학 AI/데이터기반 설계 분야를 연구합니다."
KAIST,장대준,60,52,"장대준 교수님은 액체수소 시스템, 수소 인프라, 수소 및 액체수소 공정공학 분야를 연구합니다."
KAIST,IkJin Lee,72,67,"IkJin Lee 교수님은 패키징/인터커넥트/신뢰성, 소재/역학/제조, 기계공학 AI/데이터기반 설계 분야를 연구합니다."
KAIST,Hyun Jin Kim,49,61,"Hyun Jin Kim 교수님은 소재/역학/제조, 에너지/열유체/환경, 헬스케어/나노/광학 분야를 연구합니다."
KAIST,Seungchul Lee,44,68,"Seungchul Lee 교수님은 소재/역학/제조, 헬스케어/나노/광학, 기계공학 AI/데이터기반 설계 분야를 연구합니다."
KAIST,Nam Il Kim,60,61,"Nam Il Kim 교수님은 로보틱스/제어/모빌리티, 소재/역학/제조, 에너지/열유체/환경 분야를 연구합니다."
KAIST,Seibum Choi,80,68,"Seibum Choi 교수님은 로보틱스/제어/모빌리티, 소재/역학/제조, 기계공학 AI/데이터기반 설계 분야를 연구합니다."
KAIST,Jungchul Lee,94,65,"Jungchul Lee 교수님은 소재/역학/제조, 헬스케어/나노/광학, 반도체/마이크로나노/패키징 분야를 연구합니다."
KAIST,Yong Jin Yoon,59,68,"Yong Jin Yoon 교수님은 소재/역학/제조, 헬스케어/나노/광학, 기계공학 AI/데이터기반 설계 분야를 연구합니다."
KAIST,Joonsik Hwang,66,65,"Joonsik Hwang 교수님은 전산이론/알고리즘/그래프, 소재/역학/제조, 에너지/열유체/환경 분야를 연구합니다."
KAIST,WangYuhl Oh,51,66,"WangYuhl Oh 교수님은 소재/역학/제조, 헬스케어/나노/광학, 기계공학 AI/데이터기반 설계 분야를 연구합니다."
KAIST,Joonsang Kang,59,67,"Joonsang Kang 교수님은 전력전자/전력변환/전력무결성, 소재/역학/제조, 에너지/열유체/환경 분야를 연구합니다."
KAIST,이강택,47,47,"이강택 교수님은 고체산화물 연료전지, 고체산화물 수전해, 그린수소 분야를 연구합니다."
KAIST,Yeunwoo Cho,77,66,"Yeunwoo Cho 교수님은 소재/역학/제조, 에너지/열유체/환경, 기계공학 AI/데이터기반 설계 분야를 연구합니다."
KAIST,Daegyoum Kim,69,61,"Daegyoum Kim 교수님은 소재/역학/제조, 에너지/열유체/환경, 헬스케어/나노/광학 분야를 연구합니다."
KAIST,Yong-Hwa Park,56,70,"Yong-Hwa Park 교수님은 로보틱스/제어/모빌리티, 소재/역학/제조, 기계공학 AI/데이터기반 설계 분야를 연구합니다."
KAIST,Young-Jin Kim,85,72,"Young-Jin Kim 교수님은 소재/역학/제조, 반도체/마이크로나노/패키징, 기계공학 AI/데이터기반 설계 분야를 연구합니다."
KAIST,김규태,72,51,"김규태 교수님은 항공엔진 추진, 가스터빈 연소, 연소 불안정/화염 동역학 분야를 연구합니다."
KAIST,김현정,74,45,"김현정 교수님은 우주재료/환경시험, 원격탐사, 과학탑재체 센서 분야를 연구합니다."
KAIST,박기수,79,45,"박기수 교수님은 극초음속 공력가열, 고속 공기역학, 공력열역학 분야를 연구합니다."
KAIST,방효충,69,53,"방효충 교수님은 우주비행체 동역학/제어, UAV 유도항법, 위성/드론 GNC 분야를 연구합니다."
KAIST,신동혁,68,51,"신동혁 교수님은 전산이론/알고리즘/그래프, 연소 시뮬레이션, 추진/에너지 분야를 연구합니다."
KAIST,심형섭,94,53,"심형섭 교수님은 극초음속 공기흡입 추진, 고에너지밀도 연료, 다중스케일 연소 분야를 연구합니다."
KAIST,안재명,67,52,"안재명 교수님은 대형 항공우주 시스템 설계, 복잡시스템 분석, 과학기술정책 분야를 연구합니다."
KAIST,윤효상,88,44,"윤효상 교수님은 우주선/위성 시스템, 레이저 통신, 별추적기 분야를 연구합니다."
KAIST,이대영,67,45,"이대영 교수님은 우주로봇, 오리가미 구조, 능동재료/모핑 구조 분야를 연구합니다."
KAIST,이동헌,66,49,"이동헌 교수님은 천체역학/궤도역학, 궤적 최적화, 행성간 탐사 GNC 분야를 연구합니다."
KAIST,이동호,68,48,"이동호 교수님은 우주 전기추진, 저온 플라즈마 응용, 플라즈마 진단 분야를 연구합니다."
KAIST,이상봉,75,48,"이상봉 교수님은 전산유체역학, 난류/극초음속 유동, UAM/항공기상 분야를 연구합니다."
KAIST,이전윤,73,53,"이전윤 교수님은 항공우주 복합재 구조, 스마트 제조, 나노소재 기반 경량구조 분야를 연구합니다."
KAIST,이정률,77,55,"이정률 교수님은 항공기 구조 건전성 진단, 진단 AI, 스마트 행거/센서로보틱스 분야를 연구합니다."
KAIST,이지윤,76,53,"이지윤 교수님은 GNSS/위성항법, 안전필수 항법시스템, 항공기/우주선 항법 분야를 연구합니다."
KAIST,이창훈,85,53,"이창훈 교수님은 전산이론/알고리즘/그래프, 비행체 유도제어, 최적제어/최적화 분야를 연구합니다."
KAIST,전은지,85,48,"전은지 교수님은 희박기체역학, 다중스케일 기체역학, 운동론/전기추진 분야를 연구합니다."
KAIST,진정근,87,45,"진정근 교수님은 로켓추진, 고체/액체 화학추진, 발사체/RCS 분야를 연구합니다."
KAIST,최지환,84,46,"최지환 교수님은 컴퓨터, 인공지능 및 소프트웨어, 위성/무선통신 분야를 연구합니다."
KAIST,최한림,87,60,"최한림 교수님은 전산이론/알고리즘/그래프, 다중 에이전트 추정/제어, 로봇 센서 네트워크 분야를 연구합니다."
KAIST,한재흥,73,52,"한재흥 교수님은 우주구조/스마트 구조, 충격 및 진동 제어, 플래핑 MAV 분야를 연구합니다."
KAIST,강익성,103,46,"강익성 교수님은 컴퓨터, 인공지능 및 소프트웨어, AI/머신러닝 분야를 연구합니다."
KAIST,강준혁,99,67,"강준혁 교수님은 통신/정보이론/부호, Information, Communication & Coding 분야를 연구합니다."
KAIST,권경하,97,65,"권경하 교수님은 반도체 시스템 및 집적회로, 반도체 회로/SoC/AI하드웨어, 통신/정보이론/부호 분야를 연구합니다."
KAIST,권지민,150,65,"권지민 교수님은 반도체 소자 및 공정, 반도체 회로/SoC/AI하드웨어, 패키징/인터커넥트/신뢰성 분야를 연구합니다."
KAIST,김대식,92,65,"김대식 교수님은 바이오메디컬/뇌공학/생체전자, Neuroscience, High-field MRI 분야를 연구합니다."
KAIST,김동준,42,44,"김동준 교수님은 컴퓨터 시스템, 컴퓨터 구조, 하드웨어 보안 분야를 연구합니다."
KAIST,김문철,77,42,"김문철 교수님은 멀티미디어/신호처리, 통신/정보이론/부호 분야를 연구합니다."
KAIST,김민준,87,46,"김민준 교수님은 컴퓨터, 인공지능 및 소프트웨어, AI/머신러닝 분야를 연구합니다."
KAIST,김봉진,92,65,"김봉진 교수님은 VLSI 회로 및 칩 설계, 차세대 컴퓨팅 및 통신회로 설계, 통신/정보이론/부호 분야를 연구합니다."
KAIST,김상현,48,63,"김상현 교수님은 3D적층형 반도체 광소자/전자소자, IOT향 소자 기술, 반도체 소자 및 공정 분야를 연구합니다."
KAIST,김성민,41,43,"김성민 교수님은 무선 네트워크, 모바일 컴퓨팅, 사물인터넷 분야를 연구합니다."
KAIST,김용대,79,40,"김용대 교수님은 보안/암호, 시스템/운영체제/네트워킹 분야를 연구합니다."
KAIST,김용훈,135,56,"김용훈 교수님은 반도체 소자 및 공정, 양자과학/양자공학, 나노기술/소재/소자물리 분야를 연구합니다."
KAIST,김정호,76,58,"김정호 교수님은 반도체 소자 및 공정, 패키징/인터커넥트/신뢰성, 멀티미디어/신호처리 분야를 연구합니다."
KAIST,김주영,56,52,"김주영 교수님은 VLSI 설계, 컴퓨터 구조, 하드웨어-소프트웨어 코디자인 분야를 연구합니다."
KAIST,김준모,103,57,"김준모 교수님은 멀티미디어/신호처리, 통신/정보이론/부호, 시스템/운영체제/네트워킹 분야를 연구합니다."
KAIST,김창익,81,46,"김창익 교수님은 컴퓨터, 인공지능 및 소프트웨어, AI/머신러닝 분야를 연구합니다."
KAIST,김현식,56,52,"김현식 교수님은 아날로그 집적회로 설계, 디스플레이 구동회로, 전력변환회로 분야를 연구합니다."
KAIST,김회린,64,66,"김회린 교수님은 멀티미디어/신호처리, Speech Recognition, Audio indexing 분야를 연구합니다."
KAIST,김훈,65,62,"김훈 교수님은 반도체 소자 및 공정, 포토닉스/RF/mmWave, 반도체 포토닉스/RF 소자 분야를 연구합니다."
KAIST,노용만,118,54,"노용만 교수님은 AI/머신러닝, 멀티미디어/신호처리, 시스템/운영체제/네트워킹 분야를 연구합니다."
KAIST,류승탁,61,66,"류승탁 교수님은 반도체 시스템 및 집적회로, 반도체 회로/SoC/AI하드웨어, 집적회로/반도체시스템 분야를 연구합니다."
KAIST,명현,97,45,"명현 교수님은 컴퓨터, 인공지능 및 소프트웨어, AI/머신러닝 분야를 연구합니다."
KAIST,문건우,119,54,"문건우 교수님은 전력 전자, 전력 변환 장치와 인버터, 무선 전력 전송 시스템 분야를 연구합니다."
KAIST,박성욱,48,46,"박성욱 교수님은 통신/정보이론/부호, 포토닉스/RF/mmWave 분야를 연구합니다."
KAIST,박인철,69,66,"박인철 교수님은 반도체 시스템 및 집적회로, 반도체 회로/SoC/AI하드웨어, 집적회로/반도체시스템 분야를 연구합니다."
KAIST,배현민,75,50,"배현민 교수님은 반도체 회로/SoC/AI하드웨어, 집적회로/반도체시스템 분야를 연구합니다."
KAIST,백재일,90,64,"백재일 교수님은 반도체 시스템 및 집적회로, 전력전자/전력변환/전력무결성, 집적회로/반도체시스템 분야를 연구합니다."
KAIST,서창호,80,46,"서창호 교수님은 컴퓨터, 인공지능 및 소프트웨어, AI/머신러닝 분야를 연구합니다."
KAIST,성영철,51,62,"성영철 교수님은 AI/머신러닝, Reinforcement Learning, AI Agents 분야를 연구합니다."
KAIST,송영민,104,63,"송영민 교수님은 반도체 소자 및 공정, 포토닉스/RF/mmWave, 반도체 포토닉스/RF 소자 분야를 연구합니다."
KAIST,신민철,70,45,"신민철 교수님은 반도체소자/회로, 반도체재료, 전산 나노 기술 분야를 연구합니다."
KAIST,신승원,112,40,"신승원 교수님은 보안/암호, 시스템/운영체제/네트워킹 분야를 연구합니다."
KAIST,신영수,79,64,"신영수 교수님은 반도체 시스템 및 집적회로, 반도체 회로/SoC/AI하드웨어, 컴퓨터구조/가속기 분야를 연구합니다."
KAIST,심현철,38,40,"심현철 교수님은 자율주행자동차, 무인항공기, 로보틱스 분야를 연구합니다."
KAIST,안희진,41,33,"안희진 교수님은 제어, 최적화, 로보틱스 분야를 연구합니다."
KAIST,양경훈,75,61,"양경훈 교수님은 반도체 소자 및 공정, 나노기술/소재/소자물리, 반도체 포토닉스/RF 소자 분야를 연구합니다."
KAIST,원유집,50,46,"원유집 교수님은 운영체제, 스토리지 및 파일 시스템, 분산시스템 분야를 연구합니다."
KAIST,유민수,51,45,"유민수 교수님은 컴퓨터 구조, VLSI SoC 설계, 딥-러닝 분야를 연구합니다."
KAIST,유승협,68,59,"유승협 교수님은 반도체 소자 및 공정, 디스플레이/발광소자, 포토닉스/RF/mmWave 분야를 연구합니다."
KAIST,유종원,74,55,"유종원 교수님은 무선통신, RF 마이크로 일렉트로닉스, 무선/마이크로파 전력전송 분야를 연구합니다."
KAIST,유창동,44,36,"유창동 교수님은 딥러닝, 머신러닝, 컴퓨터비전 분야를 연구합니다."
KAIST,윤영규,52,39,"윤영규 교수님은 뇌공학, 뇌이미징, 광학시스템 설비 분야를 연구합니다."
KAIST,윤인수,34,41,"윤인수 교수님은 시스템 보안, 소프트웨어 보안, 컴퓨터 분야를 연구합니다."
KAIST,윤준보,48,61,"윤준보 교수님은 마이크로 전자 기계 시스템 및 공정, 3D 마이크로 소자, 나노와이어 소자 분야를 연구합니다."
KAIST,이가영,98,45,"이가영 교수님은 반도체 소자 및 공정, 나노기술/소재/소자물리 분야를 연구합니다."
KAIST,이동환,95,36,"이동환 교수님은 AI/머신러닝, 로보틱스/제어 분야를 연구합니다."
KAIST,이성주,102,42,"이성주 교수님은 AI/머신러닝, 시스템/운영체제/네트워킹 분야를 연구합니다."
KAIST,이슬기,115,56,"이슬기 교수님은 AI/머신러닝, 시스템/운영체제/네트워킹, 나노기술/소재/소자물리 분야를 연구합니다."
KAIST,이시현,102,46,"이시현 교수님은 컴퓨터, 인공지능 및 소프트웨어, AI/머신러닝 분야를 연구합니다."
KAIST,이안 오클리,78,49,"이안 오클리 교수님은 컴퓨터, 인공지능 및 소프트웨어, AI/머신러닝 분야를 연구합니다."
KAIST,이영주,150,56,"이영주 교수님은 컴퓨터, 인공지능 및 소프트웨어, 반도체 회로/SoC/AI하드웨어 분야를 연구합니다."
KAIST,이정용,45,47,"이정용 교수님은 차세대 태양전지, 발광소자, 유연 및 신축성 소자 분야를 연구합니다."
KAIST,이현주,51,60,"이현주 교수님은 고분자전해질막 연료전지 전극촉매, AEMWE 수소발생반응 촉매, 이종촉매 분야를 연구합니다."
KAIST,장동의,32,34,"장동의 교수님은 제어, 로보틱스, 기계학습 분야를 연구합니다."
KAIST,장민석,36,38,"장민석 교수님은 나노광학, 플라즈모닉스, 메타물질 분야를 연구합니다."
KAIST,전상훈,118,58,"전상훈 교수님은 반도체 및 디스플레이 공정, 소자 물리, Wearable IoT 센서 분야를 연구합니다."
KAIST,정명수,57,46,"정명수 교수님은 SSD 스토리지, 비휘발성 메모리, 컴퓨터 구조 분야를 연구합니다."
KAIST,정완영,45,68,"정완영 교수님은 초저전력 아날로그/디지털 회로 및 IoT 시스템., 반도체 시스템 및 집적회로, 저전력 분야를 연구합니다."
KAIST,정재웅,85,62,"정재웅 교수님은 반도체 소자 및 공정, 나노기술/소재/소자물리, 바이오메디컬/뇌공학/생체전자 분야를 연구합니다."
KAIST,정준선,91,39,"정준선 교수님은 머신러닝, 음성신호처리, 컴퓨터비전 분야를 연구합니다."
KAIST,정혜원,52,40,"정혜원 교수님은 데이터 과학, 정보 이론, 통계 추론 분야를 연구합니다."
KAIST,제민규,149,63,"제민규 교수님은 반도체 시스템 및 집적회로, 센서 인터페이스 집적 회로, 무선 통신 집적 회로 분야를 연구합니다."
KAIST,조병진,56,61,"조병진 교수님은 반도체 소자 및 공정, 나노기술/소재/소자물리, 메모리/뉴로모픽/스핀 소자 분야를 연구합니다."
KAIST,조성환,82,62,"조성환 교수님은 반도체 시스템 및 집적회로, 반도체 회로/SoC/AI하드웨어, AI/머신러닝 분야를 연구합니다."
KAIST,최경철,52,58,"최경철 교수님은 나노기술/소재/소자물리, 디스플레이/발광소자, 반도체 소자/공정/박막 분야를 연구합니다."
KAIST,최성현,81,46,"최성현 교수님은 컴퓨터, 인공지능 및 소프트웨어, AI/머신러닝 분야를 연구합니다."
KAIST,최신현,48,63,"최신현 교수님은 차세대 메모리/지능형 컴퓨팅 소자 및 통합 시스템 개발, 반도체 소자 및 공정 분야를 연구합니다."
KAIST,최양규,55,38,"최양규 교수님은 물리전자, 반도체공정, 반도체재료 분야를 연구합니다."
KAIST,최정우,106,46,"최정우 교수님은 컴퓨터, 인공지능 및 소프트웨어, AI/머신러닝 분야를 연구합니다."
KAIST,최준일,31,52,"최준일 교수님은 무선통신 / 차량간 통신, 컴퓨터, 인공지능 및 소프트웨어 분야를 연구합니다."
KAIST,최진석,74,63,"최진석 교수님은 통신/정보이론/부호, System Development, Information 분야를 연구합니다."
KAIST,최창식,57,59,"최창식 교수님은 차량용 통신, 위성 통신, 셀룰러 통신 및 자율주행을 위한 통신 시스템 분야를 연구합니다."
KAIST,하정석,64,46,"하정석 교수님은 컴퓨터, 인공지능 및 소프트웨어, AI/머신러닝 분야를 연구합니다."
KAIST,한수진,86,46,"한수진 교수님은 컴퓨터, 인공지능 및 소프트웨어, AI/머신러닝 분야를 연구합니다."
KAIST,한인수,114,52,"한인수 교수님은 컴퓨터, 인공지능 및 소프트웨어, 전산이론/알고리즘/그래프 분야를 연구합니다."
KAIST,함자 쿠르트,149,56,"함자 쿠르트 교수님은 AI 기반 포토닉스, 메타표면, 전력전자/전력변환/전력무결성 분야를 연구합니다."
KAIST,황의종,77,46,"황의종 교수님은 컴퓨터, 인공지능 및 소프트웨어, AI/머신러닝 분야를 연구합니다."
KAIST,강민석,81,38,"강민석 교수님은 시큐어 컴퓨팅, 시스템, 네트워크 분야를 연구합니다."
KAIST,강병훈,43,42,"강병훈 교수님은 시스템 보안, 정보서비스, 시큐어 컴퓨팅 분야를 연구합니다."
KAIST,고인영,62,41,"고인영 교수님은 소프트웨어공학, 웹공학, 서비스 컴퓨팅 분야를 연구합니다."
KAIST,권영진,50,38,"권영진 교수님은 운영체제, 시스템 보안, 네트워크 분야를 연구합니다."
KAIST,김대영,47,37,"김대영 교수님은 사물인터넷, 데이터공학, 딥러닝 분야를 연구합니다."
KAIST,김문주,71,51,"김문주 교수님은 소프트웨어 테스팅, 소프트웨어 디버깅, 소프트웨어 디자인 분야를 연구합니다."
KAIST,김민수,59,53,"김민수 교수님은 데이터베이스, 데이터마이닝/기계학습, 메디컬/바이오인포매틱스 분야를 연구합니다."
KAIST,김민혁,54,40,"김민혁 교수님은 컴퓨터그래픽스, 컴퓨터비전, 머신러닝 분야를 연구합니다."
KAIST,김순태,67,41,"김순태 교수님은 임베디드 컴퓨팅, 컴퓨터 구조, 저전력 분야를 연구합니다."
KAIST,김은정,88,48,"김은정 교수님은 전산이론/알고리즘/그래프, 전산이론/알고리즘/복잡도 분야를 연구합니다."
KAIST,김주호,84,57,"김주호 교수님은 인간-컴퓨터 상호작용 (HCI), 인간-AI 상호작용, 소셜 컴퓨팅 분야를 연구합니다."
KAIST,김태균,50,40,"김태균 교수님은 컴퓨터비전, 기계학습, 비주얼 컴퓨팅 분야를 연구합니다."
KAIST,문수복,55,46,"문수복 교수님은 네트워크 플랫폼, 온라인 소셜 네트워크, 시스템 분야를 연구합니다."
KAIST,박노성,55,51,"박노성 교수님은 정보서비스, 소셜 컴퓨팅, 인공지능/머신러닝/데이터마이닝 분야를 연구합니다."
KAIST,박대형,90,47,"박대형 교수님은 정보서비스, 인터랙티브 컴퓨팅, 다관절 로봇 제어 분야를 연구합니다."
KAIST,박종세,80,45,"박종세 교수님은 컴퓨터 시스템, 컴퓨터 구조, 인공지능 시스템 분야를 연구합니다."
KAIST,박종철,64,43,"박종철 교수님은 자연언어처리, 계산언어학, 바이오인포매틱스 분야를 연구합니다."
KAIST,박진아,71,41,"박진아 교수님은 컴퓨터그래픽스, 의료영상, 컴퓨터햅틱스 분야를 연구합니다."
KAIST,백종문,56,49,"백종문 교수님은 소프트웨어공학, 정보서비스, 패키징/인터커넥트/신뢰성 분야를 연구합니다."
KAIST,성민혁,74,42,"성민혁 교수님은 기계 학습, 컴퓨터 그래픽, 컴퓨터 비전 분야를 연구합니다."
KAIST,손수엘,60,39,"손수엘 교수님은 웹보안, 프라이버시, 프로그램 분석 분야를 연구합니다."
KAIST,송준화,54,37,"송준화 교수님은 운영체제, 모바일, IoT시스템 분야를 연구합니다."
KAIST,시어링 조셉,82,47,"시어링 조셉 교수님은 정보서비스, 소셜 컴퓨팅, 인터랙티브 컴퓨팅 분야를 연구합니다."
KAIST,신인식,62,56,"신인식 교수님은 실시간 임베디드 시스템, 사이버-피지컬 시스템, 소프트웨어 디자인 분야를 연구합니다."
KAIST,안성진,51,36,"안성진 교수님은 기계학습, 강화학습, 로봇학습 분야를 연구합니다."
KAIST,오태현,64,43,"오태현 교수님은 컴퓨터 비전, 머신 러닝, 컴퓨터 그래픽스 분야를 연구합니다."
KAIST,오혜연,60,39,"오혜연 교수님은 기계학습, 전산사회과학, 정보서비스 분야를 연구합니다."
KAIST,위다레흐트 세버스티언,66,75,"위다레흐트 세버스티언 교수님은 전산이론/알고리즘/그래프, 전산이론/알고리즘/복잡도, 인터랙티브컴퓨팅/HCI/로보틱스 분야를 연구합니다."
KAIST,유신,57,51,"유신 교수님은 소프트웨어공학, 전산이론, 인터랙티브컴퓨팅/HCI/로보틱스 분야를 연구합니다."
KAIST,윤성의,65,40,"윤성의 교수님은 컴퓨터그래픽스, 컴퓨터비젼, 로보틱스 분야를 연구합니다."
KAIST,이기혁,71,63,"이기혁 교수님은 인간-컴퓨터 상호작용 (HCI), 인터랙션 장치 및 테크닉, 인터랙티브 컴퓨팅 분야를 연구합니다."
KAIST,이의진,66,50,"이의진 교수님은 인간-컴퓨터 상호작용, 유비쿼터스 컴퓨팅, 디지털 헬스 분야를 연구합니다."
KAIST,이재길,51,37,"이재길 교수님은 빅데이터, 데이터마이닝, 딥러닝 분야를 연구합니다."
KAIST,이주영,38,34,"이주영 교수님은 암호론, 조합론, 전산이론 분야를 연구합니다."
KAIST,조성호,61,44,"조성호 교수님은 증강지능, 생체신호기반 상호작용, 지능 로봇 분야를 연구합니다."
KAIST,지글러 마틴,57,39,"지글러 마틴 교수님은 전산이론, 복잡도, 실수 연산 분야를 연구합니다."
KAIST,차미영,54,39,"차미영 교수님은 데이터과학, 전산사회과학, 통계분석 분야를 연구합니다."
KAIST,차상길,52,42,"차상길 교수님은 소프트웨어 보안, 프로그램 분석, 시스템 분야를 연구합니다."
KAIST,최성희,47,40,"최성희 교수님은 계산기하학, 컴퓨터그래픽스, 전산이론 분야를 연구합니다."
KAIST,한동수,53,43,"한동수 교수님은 실내 GPS, 위치기반 서비스, 정보서비스 분야를 연구합니다."
KAIST,한민기,88,50,"한민기 교수님은 전산이론, 시큐어 컴퓨팅, 시큐어컴퓨팅/보안/프라이버시 분야를 연구합니다."
KAIST,한준,67,37,"한준 교수님은 시스템, 네트워크, 시큐어 컴퓨팅 분야를 연구합니다."
KAIST,허기홍,63,47,"허기홍 교수님은 프로그램 분석, 프로그래밍 언어, 소프트웨어 보안 분야를 연구합니다."
KAIST,허재혁,62,44,"허재혁 교수님은 컴퓨터구조, 시스템 소프트웨어, 시스템 보안 분야를 연구합니다."
KAIST,홍승훈,45,40,"홍승훈 교수님은 기계학습, 컴퓨터비전, 비주얼 컴퓨팅 분야를 연구합니다."
KAIST,황지영,53,40,"황지영 교수님은 데이터 마이닝, 기계학습, 정보서비스 분야를 연구합니다."
KAIST,Christopher D. Fiorillo,74,74,"Christopher D. Fiorillo 교수님은 이론신경과학, 세포 및 시스템 신경생리학, 도파민-보상 시스템 분야를 연구합니다."
KAIST,Rajib Schubert,85,61,"Rajib Schubert 교수님은 바이오나노공학, 나노바이오/MEMS, 생체재료/조직공학 분야를 연구합니다."
KAIST,강형률,86,64,"강형률 교수님은 시각 기반 자율주행 등 / 인지계산뇌과학, 계산정신과학, 불확실성 하의 의사결정 분야를 연구합니다."
KAIST,김동섭,40,40,"김동섭 교수님은 바이오정보학, 계산생물학, 분자모델링 분야를 연구합니다."
KAIST,김철,60,60,"김철 교수님은 브레인-바디-머신 인터페이스, 고효율저전력 바이오센서, 초소형 이식 시스템 분야를 연구합니다."
KAIST,김필남,63,54,"김필남 교수님은 생체재료/조직공학, 암 미세환경 모사, 암환경-세포외기질 분석 분야를 연구합니다."
KAIST,남윤기,49,40,"남윤기 교수님은 신경공학, 신경인터페이스, 신경세포칩 분야를 연구합니다."
KAIST,박성홍,79,68,"박성홍 교수님은 구조/생리/기능 자기공명영상, 머신러닝기반 의료영상 획득/분석/진단, 뇌질환 진단/예후 분야를 연구합니다."
KAIST,박영균,74,48,"박영균 교수님은 뇌 연구 기술 개발, 뇌 매핑, 새로운 뇌 네트워크 분야를 연구합니다."
KAIST,박은영,49,42,"박은영 교수님은 초음파 공학, 광음향 영상, 치료 시스템 분야를 연구합니다."
KAIST,박제균,49,43,"박제균 교수님은 나노바이오공학, 융합생명공학, 미세유체공학 분야를 연구합니다."
KAIST,박지호,45,36,"박지호 교수님은 생체재료, 약물전달, 나노의학 분야를 연구합니다."
KAIST,백민준,45,45,"백민준 교수님은 나노 약물전달시스템, 약제학, 포토테라노스틱스 분야를 연구합니다."
KAIST,손성민,70,48,"손성민 교수님은 분자진단, Cas13 유전자가위, 초고해상도 이미징 분야를 연구합니다."
KAIST,신우정,49,49,"신우정 교수님은 사람-마이크로바이옴 상호작용, 생체모사칩, 합성생물학 분야를 연구합니다."
KAIST,이관수,41,67,"이관수 교수님은 인공지능 기반 질병 마커 및 약물 개발, 유전체/계산생물학/바이오정보학, 시스템생물학 분야를 연구합니다."
KAIST,이도헌,48,40,"이도헌 교수님은 바이오정보학, 의료정보학, 신경정보학 분야를 연구합니다."
KAIST,이영석,43,43,"이영석 교수님은 바이오정보학, 기능유전체학, 계산분자생물학 분야를 연구합니다."
KAIST,이혜선,63,49,"이혜선 교수님은 합성생물학, 면역세포치료제/진단제, 면역세포엔지니어링 분야를 연구합니다."
KAIST,장무석,48,41,"장무석 교수님은 광학 이미징, 의생명 광학, 신경 광학 분야를 연구합니다."
KAIST,정기훈,40,56,"정기훈 교수님은 의광학 영상시스템 및 광학 바이오센서, 바이오이미징, 의생명 광학 분야를 연구합니다."
KAIST,정아인,52,42,"정아인 교수님은 학습과 기억, 행동인지과학, 신경회로기능 분야를 연구합니다."
KAIST,정용,59,38,"정용 교수님은 뇌영상, 퇴행성 뇌질환, 뇌인지기능 분야를 연구합니다."
KAIST,조광현,35,53,"조광현 교수님은 시스템생물학, 바이오영감공학, 유전체/계산생물학/바이오정보학 분야를 연구합니다."
KAIST,최명철,72,48,"최명철 교수님은 생물물리학, 바이오나노구조, 알츠하이머 원인 단백질 분야를 연구합니다."
KAIST,최정균,43,43,"최정균 교수님은 오믹스, 유전체/후성유전체학, 시스템유전학 분야를 연구합니다."
KAIST,하경호,69,57,"하경호 교수님은 웨어러블/바이오메디컬 디바이스, 촉각(햅틱) 인터페이스, 바이오전자 분야를 연구합니다."
KAIST,고동연,90,50,"고동연 교수님은 분리공정/막공학, 흡착/다공성 소재, 탄소중립/환경공정 분야를 연구합니다."
KAIST,김범준,133,58,"김범준 교수님은 고분자 에너지소재, 유기전자/웨어러블 전자, 고체전해질/친환경 고분자 분야를 연구합니다."
KAIST,김신현,136,55,"김신현 교수님은 콜로이드/소프트소재, 미세유체/계면공학, 광결정/플라즈모닉 소재 분야를 연구합니다."
KAIST,김유식,98,41,"김유식 교수님은 시스템생물학, 생명공학, 분자세포생물학 분야를 연구합니다."
KAIST,김유천,114,40,"김유천 교수님은 동물세포 치료제, 약물전달, 생체재료 분야를 연구합니다."
KAIST,김지한,135,52,"김지한 교수님은 계산화학/분자시뮬레이션, AI 소재탐색, 다공성 소재 설계 분야를 연구합니다."
KAIST,김현욱,112,51,"김현욱 교수님은 유전체/계산생물학/바이오정보학, 시스템생물학, 시스템의학 분야를 연구합니다."
KAIST,김희탁,101,38,"김희탁 교수님은 연료전지, 리튬전지, 수계 배터리 분야를 연구합니다."
KAIST,리섕,119,57,"리섕 교수님은 고분자 화학/블록공중합체, 반응성 고분자/자기조립, 바이오공액 고분자 분야를 연구합니다."
KAIST,문홍철,140,65,"문홍철 교수님은 이오노트로닉스/이온성 소프트소재, 변형 가능 이온전도체, 에너지 생성/저장 플랫폼 분야를 연구합니다."
KAIST,박지민,128,61,"박지민 교수님은 바이오전기화학/생물-무생물 인터페이스, 탄소중립 생물공정, 디지털 헬스케어 분야를 연구합니다."
KAIST,박현규,150,61,"박현규 교수님은 핵산 바이오공학/분자진단, 유전자 진단 마이크로어레이, 전기화학 바이오센서 분야를 연구합니다."
KAIST,배태현,116,47,"배태현 교수님은 분리막/흡착공정, 다공성 소재/기체분리, 환경기술 분야를 연구합니다."
KAIST,서장원,150,57,"서장원 교수님은 페로브스카이트 태양전지, 광전자/유연 태양전지, 탠덤 태양전지 소재 분야를 연구합니다."
KAIST,서준기,150,57,"서준기 교수님은 반도체 소재/나노전자소자, 박막공정/나노소자, 화학공정 기반 반도체 분야를 연구합니다."
KAIST,이도창,140,55,"이도창 교수님은 양자점/콜로이드 나노소재, 디스플레이/조명 소재, 광촉매/광화학 분야를 연구합니다."
KAIST,이상엽,142,45,"이상엽 교수님은 미생물 세포공장, 시스템대사공학, 산업생명공학 분야를 연구합니다."
KAIST,이재우,125,66,"이재우 교수님은 CO2 전환/탄소중립 공정, 화학 루핑/반응분리, 공정강화/클라스레이트 하이드레이트 분야를 연구합니다."
KAIST,이진우,57,41,"이진우 교수님은 수전해, 그린수소 생산 촉매, 전기촉매 분야를 연구합니다."
KAIST,임성갑,150,59,"임성갑 교수님은 패키징/인터커넥트/신뢰성, initiated CVD 기반 생체재료/박막 분야를 연구합니다."
KAIST,정기준,133,48,"정기준 교수님은 미생물 세포공장, 바이오공정, 단백질공학/합성생물학 분야를 연구합니다."
KAIST,정동영,103,59,"정동영 교수님은 반도체 회로/SoC/AI하드웨어, 전기촉매/전기화학, 에너지 전환/저장 분야를 연구합니다."
KAIST,정민주,113,65,"정민주 교수님은 반도체 회로/SoC/AI하드웨어, 전기화학 합성/전기화학 촉매, 이종촉매/반응공학 분야를 연구합니다."
KAIST,정희태,94,54,"정희태 교수님은 나노패터닝/분자자기조립, 가스센서/계면소재, 촉매/분리막 소재 분야를 연구합니다."
KAIST,조은선,112,52,"조은선 교수님은 하이브리드 나노소재, 수소저장/분자수송, 수처리/에너지저장 분야를 연구합니다."
KAIST,최남순,95,58,"최남순 교수님은 배터리 전해질/계면화학, 전극 바인더/고분자 소재, 전기화학 계면분석 분야를 연구합니다."
KAIST,최민기,149,65,"최민기 교수님은 이종촉매/제올라이트, 탄소재료/금속-고분자 상호작용, CO2 포집/하이브리드 촉매 분야를 연구합니다."
KAIST,최시영,88,53,"최시영 교수님은 복잡유체/계면과학, 유변학/흐름거동, 양친매성 막/소프트매터 분야를 연구합니다."
KAIST,허성민,100,54,"허성민 교수님은 공정시스템공학/공정모델링, 공정제어/최적화, 화학공정 머신러닝 분야를 연구합니다."
KAIST,배병수,72,53,"배병수 교수님은 광학/디스플레이 소재, 솔-젤 코팅, 하이브리드 유무기 소재 분야를 연구합니다."
KAIST,장재범,90,56,"장재범 교수님은 유전체/계산생물학/바이오정보학, 분자이미징/공간단백질체, 분자센서 분야를 연구합니다."
KAIST,조은애,75,37,"조은애 교수님은 연료전지, 수전해 전지, 배터리 분야를 연구합니다."
KAIST,조힘찬,149,51,"조힘찬 교수님은 고색순도 발광나노재료, LED 소자, 다차원 미세 패터닝 분야를 연구합니다."
KAIST,최벽파,109,56,"최벽파 교수님은 재료 분석/원자탐침 토모그래피, 합금 설계, 상변태/나노구조 분석 분야를 연구합니다."
KAIST,정성윤,86,39,"정성윤 교수님은 에너지 재료, 전자현미경, 결함화학 분야를 연구합니다."
KAIST,한승민,83,62,"한승민 교수님은 패키징/인터커넥트/신뢰성, 나노역학/재료 신뢰성, 나노구조 재료 기계적 특성 분야를 연구합니다."
KAIST,홍승범,136,57,"홍승범 교수님은 재료 이미징/AFM, 강유전/압전 소재, 정보 및 에너지 저장 소재 분야를 연구합니다."
KAIST,정연식,56,66,"정연식 교수님은 에너지 촉매 내구성 관련 나노구조화 및 자기조립, 고해상도 프린팅, 3D 나노구조화 분야를 연구합니다."
KAIST,강정구,69,65,"강정구 교수님은 에너지 저장/변환 나노소재, 금속공기전지/나트륨이온전지, 나노소재 시뮬레이션/제작 분야를 연구합니다."
KAIST,강기범,72,51,"강기범 교수님은 나노/2D 소재, 차세대 반도체 소재, 2D 반도체 소자 분야를 연구합니다."
KAIST,강성훈,80,54,"강성훈 교수님은 패키징/인터커넥트/신뢰성, 생체모사 극한소재, 아키텍처드 소재 분야를 연구합니다."
KAIST,김동훈,123,57,"김동훈 교수님은 재료 계산/AI 소재설계, 원자시뮬레이션, 에너지 소재 촉매/배터리 분야를 연구합니다."
KAIST,김일두,51,54,"김일두 교수님은 에너지용 무기 나노소재, 수소연료전지 내구성, 수소 생산 촉매 분야를 연구합니다."
KAIST,김지운,103,48,"김지운 교수님은 하이브리드 에피택셜 박막, 기능성 산화물, 양자재료 분야를 연구합니다."
KAIST,김경민,86,45,"김경민 교수님은 반도체 소자 및 공정, 산화물 박막, 나노과학 분야를 연구합니다."
KAIST,김상욱,113,58,"김상욱 교수님은 소프트 나노소재/자기조립, CNT/그래핀, 에너지 저장/변환 나노소재 분야를 연구합니다."
KAIST,이창환,88,49,"이창환 교수님은 적외선 나노광학, 업컨버팅 나노소재, 초해상도 이미징 분야를 연구합니다."
KAIST,이건재,84,62,"이건재 교수님은 인간증강 나노디바이스, 플렉서블/웨어러블 센서, AI 증강 뇌/휴먼 전자소자 분야를 연구합니다."
KAIST,이상호,117,58,"이상호 교수님은 패키징/인터커넥트/신뢰성, 반도체 소재 및 공정, 모놀리식 3D 집적 분야를 연구합니다."
KAIST,오지훈,56,37,"오지훈 교수님은 에너지 소재, 수전해, 전기촉매 분야를 연구합니다."
KAIST,박병국,105,55,"박병국 교수님은 스핀트로닉스/자성소재, 스핀 로직 소자, 반도체 소자/공정/박막 분야를 연구합니다."
KAIST,박찬범,105,50,"박찬범 교수님은 반도체 광촉매/인공광합성, 촉매소재, 레독스 바이오촉매 분야를 연구합니다."
KAIST,박상희,62,57,"박상희 교수님은 산화물 TFT 전자소자, 디스플레이 소재/소자, 소프트&스마트 소재 분야를 연구합니다."
KAIST,스티브박,121,56,"스티브박 교수님은 유기/나노 전자소자, 프린티드 전자소자, 신축성 전자/바이오전자 분야를 연구합니다."
KAIST,서동화,105,62,"서동화 교수님은 계산재료과학/데이터 기반 소재탐색, 리튬이온전지 소재, 전고체전지/고체전해질 분야를 연구합니다."
KAIST,신병하,113,50,"신병하 교수님은 태양전지/광전소재, 전자소재 박막, 박막 물리 및 공정 분야를 연구합니다."
KAIST,신종화,79,55,"신종화 교수님은 나노포토닉스/메타물질, 광전소자, 에너지 및 디스플레이 디바이스 분야를 연구합니다."
KAIST,염지현,70,50,"염지현 교수님은 나노소재/키랄 소재, 나노기술 플랫폼, 신규 나노플랫폼 분야를 연구합니다."
KAIST,유인상,130,59,"유인상 교수님은 고체 이온동역학, 고분자/유무기 이온전도 소재, 대면적 전자/전고체전지 분야를 연구합니다."
KAIST,육종민,90,63,"육종민 교수님은 에너지소재 전자현미경, in-situ 전자현미경, 바이오/에너지/2D 나노소재 분야를 연구합니다."
KAIST,정 송,150,68,"정 송 교수님은 전산이론/알고리즘/그래프, human behavior modelling, machine 분야를 연구합니다."
KAIST,김기응,150,48,"김기응 교수님은 전산이론/알고리즘/그래프, 의사결정 AI, 강화학습 분야를 연구합니다."
KAIST,김승룡,150,44,"김승룡 교수님은 컴퓨터비전, 멀티모달 학습, 3D/4D 비전 분야를 연구합니다."
KAIST,서민준,150,44,"서민준 교수님은 자연어처리, 지식기반 AI, 대규모 언어모델 분야를 연구합니다."
KAIST,신기정,150,50,"신기정 교수님은 전산이론/알고리즘/그래프, 데이터마이닝, 네트워크 과학 분야를 연구합니다."
KAIST,신진우,150,56,"신진우 교수님은 전산이론/알고리즘/그래프, 기계학습 알고리즘, 딥러닝 이론/최적화 분야를 연구합니다."
KAIST,심현정,150,48,"심현정 교수님은 컴퓨터비전, 생성형 비전 AI, 자율주행/3D 비전 분야를 연구합니다."
KAIST,안성수,150,52,"안성수 교수님은 전산이론/알고리즘/그래프, 분자 기계학습, 신약/소재 AI 분야를 연구합니다."
KAIST,양은호,150,52,"양은호 교수님은 전산이론/알고리즘/그래프, 기계학습, 멀티모달/대규모 AI 분야를 연구합니다."
KAIST,예종철,149,46,"예종철 교수님은 의료영상 AI, 역문제/생성모델, 바이오/뇌영상 분야를 연구합니다."
KAIST,오성준,150,54,"오성준 교수님은 설명할 수 있는 AI, AI와 정보 보호, 인간-AI 상호작용 분야를 연구합니다."
KAIST,윤세영,150,51,"윤세영 교수님은 통계적 기계학습, 강화학습/온라인학습, 멀티에이전트 학습 분야를 연구합니다."
KAIST,윤철희,150,51,"윤철희 교수님은 전산이론/알고리즘/그래프, 기계학습 이론, 딥러닝 최적화 분야를 연구합니다."
KAIST,이기민,150,45,"이기민 교수님은 강화학습, 피지컬 AI, 로봇/인간피드백 학습 분야를 연구합니다."
KAIST,이주호,150,44,"이주호 교수님은 베이지안 기계학습, 확률모델, 불확실성 추론 분야를 연구합니다."
KAIST,임재환,150,47,"임재환 교수님은 로봇학습, 비전 기반 강화학습, 월드모델/표현학습 분야를 연구합니다."
KAIST,주재걸,150,49,"주재걸 교수님은 멀티모달 AI, 비주얼 애널리틱스, 비전/NLP 응용 분야를 연구합니다."
KAIST,최윤재,150,45,"최윤재 교수님은 헬스케어 AI, 의료 NLP, EHR 기계학습 분야를 연구합니다."
KAIST,최재식,150,45,"최재식 교수님은 설명가능 AI, 추론/예측 AI, 확률적 AI 분야를 연구합니다."
KAIST,황성주,150,62,"황성주 교수님은 생성형 AI/LLM, 비전-언어 학습, AI for Science/온디바이스 분야를 연구합니다."
KAIST,김승욱,150,45,"김승욱 교수님은 공간 생성모델, 뉴럴 시뮬레이션, 피지컬 AI 분야를 연구합니다."
KAIST,김세훈,149,49,"김세훈 교수님은 효율적 AI 시스템, LLM 시스템, 모델 압축/서빙 분야를 연구합니다."
KAIST,박민철,30,56,"박민철 교수님은 반도체 소자 및 공정, 메모리/뉴로모픽/스핀 소자, 플래시 메모리 분야를 연구합니다."
KAIST,윤용진,96,57,"윤용진 교수님은 반도체 소자 및 공정, 반도체 박막 공정, 첨단 AI 반도체 열관리 분야를 연구합니다."
KAIST,임용식,32,59,"임용식 교수님은 반도체 시스템 및 집적회로, Flash 메모리소자 분야, 플래시 메모리 분야를 연구합니다."
KAIST,정상섭,29,44,"정상섭 교수님은 반도체 소자 및 공정, 반도체 공정 및 제조 분야를 연구합니다."
KAIST,조병학(Thomas B. Cho),47,82,"조병학(Thomas B. Cho) 교수님은 반도체 시스템 및 집적회로, 반도체 회로/SoC/AI하드웨어, 반도체 소자/공정/박막 분야를 연구합니다."
KAIST,정우철,53,39,"정우철 교수님은 에너지 소재, 연료전지, 연료 변환 분야를 연구합니다."
KAIST,박승빈,44,42,"박승빈 교수님은 광촉매 기반 물분해 수소 생산, 반응공학 분야를 연구합니다."
KAIST,김성수,63,54,"김성수 교수님은 로보틱스/제어/모빌리티, 소재/역학/제조, 에너지/열유체/환경 분야를 연구합니다."
KAIST,이윤구,72,65,"이윤구 교수님은 multi-scale battery research, electrode, cell 분야를 연구합니다."
POSTECH,김기석,150,57,"김기석 교수님은 응집물리이론, 응집물리/양자물질/나노소자, 전산이론/알고리즘/그래프 분야를 연구합니다."
POSTECH,김범준,108,55,"김범준 교수님은 응집물리실험, 응집물리/양자물질/나노소자, 광/원자분자/양자광학 분야를 연구합니다."
POSTECH,김윤호,67,50,"김윤호 교수님은 광 및 원자분자, 양자정보/양자컴퓨팅/양자센싱, 물리학 분야를 연구합니다."
POSTECH,김준성,133,57,"김준성 교수님은 응집물리실험, 응집물리/양자물질/나노소자, 생물물리/복잡계/통계물리 분야를 연구합니다."
POSTECH,김지훈,71,52,"김지훈 교수님은 응집물리실험, 응집물리/양자물질/나노소자, 실험/계측/장비 분야를 연구합니다."
POSTECH,김태환,150,55,"김태환 교수님은 응집물리실험, 응집물리/양자물질/나노소자, 광/원자분자/양자광학 분야를 연구합니다."
POSTECH,김희재,118,43,"김희재 교수님은 응집물리실험, 광 및 원자분자, 초고속과학 분야를 연구합니다."
POSTECH,김희철,68,54,"김희철 교수님은 입자물리이론, 입자물리/장론/우주론, 전산이론/알고리즘/그래프 분야를 연구합니다."
POSTECH,박경덕,153,43,"박경덕 교수님은 응집물리실험, 광 및 원자분자, 초고속과학 분야를 연구합니다."
POSTECH,박재모,79,54,"박재모 교수님은 입자물리이론, 입자물리/장론/우주론, 전산이론/알고리즘/그래프 분야를 연구합니다."
POSTECH,박재훈,87,52,"박재훈 교수님은 응집물리실험, 응집물리/양자물질/나노소자, 실험/계측/장비 분야를 연구합니다."
POSTECH,박지우,71,60,"박지우 교수님은 광 및 원자분자, 양자정보/양자컴퓨팅/양자센싱, 전산이론/알고리즘/그래프 분야를 연구합니다."
POSTECH,박진수,79,56,"박진수 교수님은 응집물리이론, 응집물리/양자물질/나노소자, 초고속과학/분광/동역학 분야를 연구합니다."
POSTECH,서준호,86,52,"서준호 교수님은 응집물리실험, 응집물리/양자물질/나노소자, 실험/계측/장비 분야를 연구합니다."
POSTECH,손민주,100,57,"손민주 교수님은 생물물리/복잡계, 응집물리/양자물질/나노소자, 광/원자분자/양자광학 분야를 연구합니다."
POSTECH,송창용,81,49,"송창용 교수님은 응집물리실험, 초고속과학, 응집물리/양자물질/나노소자 분야를 연구합니다."
POSTECH,신희득,67,49,"신희득 교수님은 광 및 원자분자, 응집물리/양자물질/나노소자, 물리학 분야를 연구합니다."
POSTECH,염한웅,105,55,"염한웅 교수님은 응집물리실험, 응집물리/양자물질/나노소자, 광/원자분자/양자광학 분야를 연구합니다."
POSTECH,윤건수,91,47,"윤건수 교수님은 플라즈마/가속기, 초고속과학/분광/동역학, 물리학 분야를 연구합니다."
POSTECH,이길호,97,55,"이길호 교수님은 응집물리실험, 응집물리/양자물질/나노소자, 광/원자분자/양자광학 분야를 연구합니다."
POSTECH,이대수,112,57,"이대수 교수님은 응집물리실험, 응집물리/양자물질/나노소자, 생물물리/복잡계/통계물리 분야를 연구합니다."
POSTECH,이승우,61,60,"이승우 교수님은 광 및 원자분자, 양자정보/양자컴퓨팅/양자센싱, 전산이론/알고리즘/그래프 분야를 연구합니다."
POSTECH,이승우,47,37,"이승우 교수님은 암면역치료, 점막면역학, 면역학 분야를 연구합니다."
POSTECH,이종봉,51,47,"이종봉 교수님은 생물물리/복잡계, 초고속과학/분광/동역학, 물리학 분야를 연구합니다."
POSTECH,이현우,68,57,"이현우 교수님은 응집물리이론, 응집물리/양자물질/나노소자, 전산이론/알고리즘/그래프 분야를 연구합니다."
POSTECH,전재형,74,57,"전재형 교수님은 생물물리/복잡계, 초고속과학/분광/동역학, 전산이론/알고리즘/그래프 분야를 연구합니다."
POSTECH,정모세,43,33,"정모세 교수님은 플라즈마/가속기, 물리학 분야를 연구합니다."
POSTECH,정우성,87,50,"정우성 교수님은 생물물리/복잡계, 물리학, AI/머신러닝/데이터사이언스 분야를 연구합니다."
POSTECH,지승훈,82,47,"지승훈 교수님은 응집물리이론, 응집물리/양자물질/나노소자, 물리학 분야를 연구합니다."
POSTECH,최영준,157,55,"최영준 교수님은 응집물리실험, 응집물리/양자물질/나노소자, 광/원자분자/양자광학 분야를 연구합니다."
POSTECH,권도훈,110,38,"권도훈 교수님은 생화학, 신약 개발, 단백질 공학 분야를 연구합니다."
POSTECH,김경환,119,48,"김경환 교수님은 물리화학, X-ray 산란 및 분광, 반응 메커니즘 분야를 연구합니다."
POSTECH,김성지,144,43,"김성지 교수님은 물리화학, 나노/재료화학, 바이오메디컬화학 분야를 연구합니다."
POSTECH,김원종,90,46,"김원종 교수님은 고분자화학, 바이오메디컬화학, 고분자/소프트물질 분야를 연구합니다."
POSTECH,김현우,124,44,"김현우 교수님은 유기화학, 유기합성/촉매, 전기화학 유기합성 분야를 연구합니다."
POSTECH,김희찬,109,42,"김희찬 교수님은 무기화학, 나노/재료화학, 유기합성/촉매 분야를 연구합니다."
POSTECH,류순민,105,42,"류순민 교수님은 물리화학, 나노/재료화학, 나노재료 분광 분야를 연구합니다."
POSTECH,박문정,90,45,"박문정 교수님은 고분자화학, 나노/재료화학, 고분자/소프트물질 분야를 연구합니다."
POSTECH,박수진,75,45,"박수진 교수님은 고분자화학, 나노/재료화학, 고분자/소프트물질 분야를 연구합니다."
POSTECH,박영욱,96,39,"박영욱 교수님은 물리화학, 나노/재료화학, 표면화학 분야를 연구합니다."
POSTECH,서대하,43,43,"서대하 교수님은 무기화학, 나노/재료화학, 바이오메디컬화학 분야를 연구합니다."
POSTECH,서종철,125,50,"서종철 교수님은 분석화학, 물리화학/분광/동역학, 이온 이동도 질량분석 분야를 연구합니다."
POSTECH,심지훈,94,39,"심지훈 교수님은 물리화학, 이론화학, 나노/재료화학 분야를 연구합니다."
POSTECH,이영호,166,41,"이영호 교수님은 유기화학, 유기합성/촉매, 반응 방법론 분야를 연구합니다."
POSTECH,이인수,93,42,"이인수 교수님은 무기화학, 나노/재료화학, 유기합성/촉매 분야를 연구합니다."
POSTECH,임현석,99,39,"임현석 교수님은 유기화학, 생화학, 바이오메디컬화학 분야를 연구합니다."
POSTECH,장영태,180,39,"장영태 교수님은 유기화학, 생화학, 바이오메디컬화학 분야를 연구합니다."
POSTECH,조승환,148,42,"조승환 교수님은 유기화학, 유기합성/촉매, 전이금속 촉매 분야를 연구합니다."
POSTECH,주태하,87,41,"주태하 교수님은 물리화학, 나노/재료화학, 초고속 분광 분야를 연구합니다."
POSTECH,지형민,77,46,"지형민 교수님은 유기화학, 유기합성/촉매, 유기촉매 비대칭 합성 분야를 연구합니다."
POSTECH,최창혁,125,46,"최창혁 교수님은 분석화학, 유기합성/촉매, 에너지/전기화학 소재 분야를 연구합니다."
POSTECH,최희철,118,46,"최희철 교수님은 무기화학, 나노/재료화학, 무기/초분자/배위화학 분야를 연구합니다."
POSTECH,고아라,60,38,"고아라 교수님은 마이크로바이옴, 당뇨, 분자의과학 분야를 연구합니다."
POSTECH,고용송,175,45,"고용송 교수님은 엑소좀, 면역학, 세포생물학/소기관/막네트워크 분야를 연구합니다."
POSTECH,김광순,85,64,"김광순 교수님은 면역미생물 상호작용, 장내미생물 특이적 항체반응조절, 마이크로바이옴기반 질환치료 분야를 연구합니다."
POSTECH,김민성,174,49,"김민성 교수님은 단백질-핵산 상호작용, 면역반응 구조분석, 구조생물학 분야를 연구합니다."
POSTECH,김상욱,166,38,"김상욱 교수님은 생물정보학, 정밀의학, 구조생물학 분야를 연구합니다."
POSTECH,김성철,180,55,"김성철 교수님은 크리스퍼 생물학, 바이러스-숙주 상호작용, 단일-분자 생물물리학 분야를 연구합니다."
POSTECH,김영진,52,51,"김영진 교수님은 세포막 수송 단백질, 구조생물학, 바이오/의생명/약물전달 분야를 연구합니다."
POSTECH,김영진,67,68,"김영진 교수님은 전력/에너지시스템, 전력전자/전력변환/전력무결성, 전력시스템/스마트그리드/에너지 데이터 분야를 연구합니다."
POSTECH,김정훈,180,55,"김정훈 교수님은 분자세포 신경생물학, 신경과학, 반도체 회로/SoC/AI하드웨어 분야를 연구합니다."
POSTECH,김정훈,14,65,"김정훈 교수님은 AI/머신러닝/컴퓨터비전, 로보틱스/제어/자율시스템, 제어이론/로봇/학습기반 제어 분야를 연구합니다."
POSTECH,김종경,163,37,"김종경 교수님은 생명정보학, 유전체학, 기계학습 분야를 연구합니다."
POSTECH,김종민,165,51,"김종민 교수님은 합성생물학, 분자의과학, 반도체 회로/SoC/AI하드웨어 분야를 연구합니다."
POSTECH,김종신,177,38,"김종신 교수님은 신경면역학, 혈관생물학, 신경과학 분야를 연구합니다."
POSTECH,김종흠,176,54,"김종흠 교수님은 식물병리학, 식물생명과학, 마이크로바이옴/미생물-숙주 상호작용 분야를 연구합니다."
POSTECH,김태경,177,68,"김태경 교수님은 뇌질환의 후성유전체적 분석 및 조절, 신경회로망 분석을 통한 인지기능의 이해, 신경과학 분야를 연구합니다."
POSTECH,박상기,43,38,"박상기 교수님은 분자정신의학, 신경과학, 생명과학 분야를 연구합니다."
POSTECH,백승태,173,40,"백승태 교수님은 발달신경질환, 신경과학, 실험 뇌과학 분야를 연구합니다."
POSTECH,복서연,180,40,"복서연 교수님은 골격생물학, 줄기세포생물학, 재생의학 분야를 연구합니다."
POSTECH,성영철,70,50,"성영철 교수님은 면역학, 줄기세포/재생의학/발생, 암/종양미세환경/대사 분야를 연구합니다."
POSTECH,유웅재,95,58,"유웅재 교수님은 미생물-숙주 상호작용, 마이크로바이옴 및 인체질병, 세균성 감염 질환 분야를 연구합니다."
POSTECH,유주연,91,62,"유주연 교수님은 세포소기관(막) 네트워크, LLPS 기반 단백질 응집체, 바이러스-숙주 반응 분야를 연구합니다."
POSTECH,이민식,54,37,"이민식 교수님은 대사, 암 미세환경, 분자의과학 분야를 연구합니다."
POSTECH,이윤태,53,49,"이윤태 교수님은 자가면역질환/전립선암, 면역학, 암/종양미세환경/대사 분야를 연구합니다."
POSTECH,이지오,167,38,"이지오 교수님은 구조생물학, 선천성면역, 항체공학 분야를 연구합니다."
POSTECH,임신혁,72,41,"임신혁 교수님은 마이크로바이옴, 신경면역, 자가면역질환 분야를 연구합니다."
POSTECH,장지원,53,35,"장지원 교수님은 줄기세포, 발생생물학, 노화 분야를 연구합니다."
POSTECH,조윤제,101,66,"조윤제 교수님은 수용체 생물학, GPCR들과 수용체 kinase 들의 구조와 기능 연구, 구조생물학 분야를 연구합니다."
POSTECH,최규하,49,36,"최규하 교수님은 식물 교차 조절, 식물생명과학 분야를 연구합니다."
POSTECH,최세규,173,46,"최세규 교수님은 줄기세포학, 분자의과학, 줄기세포/재생의학/발생 분야를 연구합니다."
POSTECH,허윤하,52,51,"허윤하 교수님은 조직 재생 및 발달, 분자의과학, 줄기세포/재생의학/발생 분야를 연구합니다."
POSTECH,황일두,49,36,"황일두 교수님은 발달신호네트워크, 식물생명과학 분야를 연구합니다."
POSTECH,강병우,65,58,"강병우 교수님은 리튬 이차 전지를 위한 양극, 음극 활물질, 차세대 이차 전지 (Na 분야를 연구합니다."
POSTECH,강종훈,47,45,"강종훈 교수님은 저차원 에피 박막 성장, 정보기술, 양자 소재 분야를 연구합니다."
POSTECH,권순호,23,39,"권순호 교수님은 전산재료과학, 재생에너지, 촉매설계 분야를 연구합니다."
POSTECH,김연수,43,50,"김연수 교수님은 하이드로젤 액추에이터, 자극응답성 고분자, 이방성 재료 분야를 연구합니다."
POSTECH,김용태,68,64,"김용태 교수님은 자동차용 수소연료전지 전극 소재, 에너지저장용 P2G시스템 (수전해, 에너지기술 분야를 연구합니다."
POSTECH,김종규,74,37,"김종규 교수님은 정보기술, 반도체, 나노포토닉스 분야를 연구합니다."
POSTECH,김종환,64,65,"김종환 교수님은 나노소재 양자 특성 및 현상, 나노소재 전자 소자 및 광소자, 초고속 레이저 분석 분야를 연구합니다."
POSTECH,오승수,109,48,"오승수 교수님은 바이오소재/약물전달/조직공학, 헬스케어기술, 오승수 분야를 연구합니다."
POSTECH,이동화,42,51,"이동화 교수님은 전산나노소재, 제일원리 계산, 머신러닝 기반 소재 최적화 분야를 연구합니다."
POSTECH,이병주,124,44,"이병주 교수님은 분석, 전산재료과학 및 구조재료기술, 이병주 분야를 연구합니다."
POSTECH,이장식,46,50,"이장식 교수님은 나노전자재료, 차세대 메모리 소자, 지능형 반도체 소자 분야를 연구합니다."
POSTECH,이준민,39,44,"이준민 교수님은 스마트 생체재료 시스템, 조직공학, 재생의학 분야를 연구합니다."
POSTECH,정성준,38,58,"정성준 교수님은 웨어러블 센서 및 회로, 인체장기칩 및 정밀의학, 바이오 일렉트로닉스 분야를 연구합니다."
POSTECH,정운룡,66,39,"정운룡 교수님은 헬스케어기술, 에너지 저장, 반도체 분야를 연구합니다."
POSTECH,조문호,48,40,"조문호 교수님은 양자 연산 소자), 정보기술, 반도체 분야를 연구합니다."
POSTECH,조창순,40,55,"조창순 교수님은 차세대 광전소재 및 소자 개발 (태양전지, 레이저, 광센서 등) 분야를 연구합니다."
POSTECH,천동원,37,49,"천동원 교수님은 고체 수소저장시스템, 금속수소화물, 수소&에너지 소재 분야를 연구합니다."
POSTECH,최시영,75,67,"최시영 교수님은 수차보정 STEM, 원자구조 이미징 및 전자/화학 구조 해석, 실시간 전자현미경 분석 분야를 연구합니다."
POSTECH,한 현,64,49,"한 현 교수님은 에피 산화물 박막, 강상관계/양자 물성, 이온 게이팅 분야를 연구합니다."
POSTECH,한세광,37,37,"한세광 교수님은 바이오센서, 의료영상, 약물전달 분야를 연구합니다."
POSTECH,황현상,63,64,"황현상 교수님은 원자 단위 이동 제어 기반 반도체 소자, 뉴로모픽 반도체 소자, 비휘발성 메모리 분야를 연구합니다."
POSTECH,강대식,96,50,"강대식 교수님은 실험 뇌과학, 로봇/Physical AI/뇌-로봇 융합 분야를 연구합니다."
POSTECH,고제성,89,61,"고제성 교수님은 로봇/기계지능/생체모사 로봇, Design and Manufacturing 분야를 연구합니다."
POSTECH,김기현,59,58,"김기현 교수님은 바이오광학/광학 이미징/광기계시스템, Biomedical Optics 분야를 연구합니다."
POSTECH,김기훈,59,59,"김기훈 교수님은 로봇/휴먼-로봇 인터페이스/바이오닉스, Robotics, bionics 분야를 연구합니다."
POSTECH,김동성,55,67,"김동성 교수님은 마이크로/나노 고분자 제조 및 바이오시스템, microfluidics, BioMEMS 분야를 연구합니다."
POSTECH,김동식,44,67,"김동식 교수님은 레이저 가공/미세 열전달/적층제조, Thermal/Fluid, 반도체 소자/공정/박막 분야를 연구합니다."
POSTECH,김석,93,64,"김석 교수님은 Design and Manufacturing, 3D MEMS Fabrication 분야를 연구합니다."
POSTECH,김준원,48,55,"김준원 교수님은 Design and Manufacturing, MEMS/NEMS 분야를 연구합니다."
POSTECH,김진태,49,66,"김진태 교수님은 컴퓨터비전 기반 역학/유연전자/프로그래머블 재료, Thermal/Fluid, UAV 분야를 연구합니다."
POSTECH,김철홍,57,66,"김철홍 교수님은 광음향/초음파/멀티모달 의료영상, 바이오의료 영상/광음향-초음파 융합, IT융합공학 분야를 연구합니다."
POSTECH,노준석,59,60,"노준석 교수님은 나노포토닉스/메타표면/통합생산, 나노포토닉스/메타표면/평면광학, 화학공학 분야를 연구합니다."
POSTECH,문원규,56,68,"문원규 교수님은 음향진동 트랜스듀서/전기기계 변환, Dynamics/Control/Measurement 분야를 연구합니다."
POSTECH,박성민,52,67,"박성민 교수님은 이식형 의료기기/디지털 헬스케어/전자의료시스템, 생체전자/이식형 의료기기/의료 솔루션 분야를 연구합니다."
POSTECH,박재성,52,67,"박재성 교수님은 나노입자/소포 기반 바이오MEMS/조직공학, extracellular vesicles 분야를 연구합니다."
POSTECH,박형규,49,45,"박형규 교수님은 탄소 나노유체/멤브레인/에너지, 환경 나노과학 분야를 연구합니다."
POSTECH,신동일,93,64,"신동일 교수님은 계산/AI/데이터기반 시뮬레이션, 역학/재료/구조, AI/머신러닝/데이터사이언스 분야를 연구합니다."
POSTECH,신원동,65,65,"신원동 교수님은 생체영감 로보틱스/다중환경 로봇/UAV, Robotics, robot design 분야를 연구합니다."
POSTECH,안지환,51,62,"안지환 교수님은 원자층 제조/에너지, 반도체 공정/전기화학 디바이스, 바이오/의생명/약물전달 분야를 연구합니다."
POSTECH,유동현,41,46,"유동현 교수님은 (ii) 스팀터빈, 가스터빈, (vi) 난류유동 분야를 연구합니다."
POSTECH,이상준,42,68,"이상준 교수님은 Thermal/Fluid, biofluid mechanics, microfluidics 분야를 연구합니다."
POSTECH,이안나,58,65,"이안나 교수님은 극한역학/기계적 불안정성/스마트 구조, Mechanics and Materials 분야를 연구합니다."
POSTECH,임근배,52,68,"임근배 교수님은 Design and Manufacturing, Micro/Nano Fabrication 분야를 연구합니다."
POSTECH,장진아,49,65,"장진아 교수님은 3D 바이오프린팅/바이오잉크/조직칩, Design and Manufacturing 분야를 연구합니다."
POSTECH,조항진,43,58,"조항진 교수님은 전력전자/전력변환/전력무결성, 열수력/비등, 응축/에너지시스템 열전달 분야를 연구합니다."
POSTECH,진현규,41,67,"진현규 교수님은 Thermal/Fluid, thermoelectric energy conversion 분야를 연구합니다."
POSTECH,한승용,93,68,"한승용 교수님은 소프트 바이오통합 센서/Physical AI 감각시스템, soft engineering 분야를 연구합니다."
POSTECH,강석형,142,65,"강석형 교수님은 집적회로 설계 자동화 (VLSI CAD), 시스템온칩 설계 (SoC design) 분야를 연구합니다."
POSTECH,공병돈,160,64,"공병돈 교수님은 반도체소자/나노전자/공정, 양자/포토닉스/광학, 반도체 소자물리/신소재 전자소자 분야를 연구합니다."
POSTECH,김경태,139,54,"김경태 교수님은 통신/정보이론/신호처리, 레이더 신호처리/SAR/지능형 레이더 분야를 연구합니다."
POSTECH,김광인,132,45,"김광인 교수님은 AI/머신러닝/컴퓨터비전, 영상인식, 객체검출 분야를 연구합니다."
POSTECH,김병섭,21,66,"김병섭 교수님은 집적회로/SoC/EDA, 반도체 회로/SoC/AI하드웨어, 패키징/인터커넥트/신뢰성 분야를 연구합니다."
POSTECH,김상우,141,64,"김상우 교수님은 통신/정보이론/신호처리, 로보틱스/제어/자율시스템, 제어시스템/지능제어/신호처리 분야를 연구합니다."
POSTECH,김세영,163,67,"김세영 교수님은 AI/머신러닝/컴퓨터비전, 반도체소자/나노전자/공정, AI 소자/뉴로모픽 반도체 소자 분야를 연구합니다."
POSTECH,김영석,48,68,"김영석 교수님은 AI/머신러닝/컴퓨터비전, 스포츠 데이터사이언스/융합공학, AI/머신러닝/데이터사이언스 분야를 연구합니다."
POSTECH,김예성,41,61,"김예성 교수님은 반도체 회로/SoC/AI하드웨어, 온디바이스 AI/경량학습/컴퓨팅 아키텍처 분야를 연구합니다."
POSTECH,김용준,179,67,"김용준 교수님은 AI/머신러닝/컴퓨터비전, 정보이론/부호이론/AI 통신, AI/머신러닝/데이터사이언스 분야를 연구합니다."
POSTECH,김욱성,14,53,"김욱성 교수님은 디스플레이/소프트전자/웨어러블, 디스플레이 공학/파동 어레이 분야를 연구합니다."
POSTECH,김형함,22,47,"김형함 교수님은 바이오/의료영상/헬스케어, 실험 뇌과학, 신경공학 분야를 연구합니다."
POSTECH,나동엽,64,62,"나동엽 교수님은 반도체 회로/SoC/AI하드웨어, 계산 전자기학/고에너지 플라즈마 수치모델링 분야를 연구합니다."
POSTECH,박부견,160,66,"박부견 교수님은 통신/정보이론/신호처리, 로보틱스/제어/자율시스템, 강인제어/적응필터/신호처리 제어 분야를 연구합니다."
POSTECH,백록현,131,55,"백록현 교수님은 AI/머신러닝/컴퓨터비전, 반도체소자/나노전자/공정, 반도체공학 분야를 연구합니다."
POSTECH,백창기,177,56,"백창기 교수님은 반도체소자/나노전자/공정, 실리콘 반도체 소자 공정, 메모리 소자 분야를 연구합니다."
POSTECH,송호진,145,66,"송호진 교수님은 통신/정보이론/신호처리, 반도체 회로/SoC/AI하드웨어, 전산이론/알고리즘/그래프 분야를 연구합니다."
POSTECH,신세운,34,62,"신세운 교수님은 집적회로/SoC/EDA, 전력/에너지시스템, 반도체 회로/SoC/AI하드웨어 분야를 연구합니다."
POSTECH,심재윤,135,52,"심재윤 교수님은 PLL/DLL 회로, 입출력 인터페이스 회로, 메모리 회로 분야를 연구합니다."
POSTECH,안혜민,141,64,"안혜민 교수님은 AI/머신러닝/컴퓨터비전, 로보틱스/제어/자율시스템, 로봇학습/강화학습/모방학습 분야를 연구합니다."
POSTECH,양경철,157,66,"양경철 교수님은 통신/정보이론/신호처리, 전산이론/알고리즘/그래프, 통신 부호/시퀀스 설계/신호설계 분야를 연구합니다."
POSTECH,오명철,25,60,"오명철 교수님은 반도체소자/나노전자/공정, 양자/포토닉스/광학, 실리콘 반도체 소자 공정 분야를 연구합니다."
POSTECH,유선철,32,60,"유선철 교수님은 로보틱스/제어/자율시스템, 극한환경/수중로봇/해양자율시스템, IT융합공학 분야를 연구합니다."
POSTECH,이남윤,177,66,"이남윤 교수님은 패키징/인터커넥트/신뢰성, 무선통신/MIMO/위성통신, AI/머신러닝/데이터사이언스 분야를 연구합니다."
POSTECH,이문주,8,56,"이문주 교수님은 양자/포토닉스/광학, 이온트랩 양자컴퓨팅/양자네트워크, 반도체공학 분야를 연구합니다."
POSTECH,이병훈,45,56,"이병훈 교수님은 반도체소자/나노전자/공정, 실리콘 반도체 소자 공정, 메모리 소자 분야를 연구합니다."
POSTECH,이선규,19,66,"이선규 교수님은 반도체소자/나노전자/공정, 집적회로/SoC/EDA, 반도체 회로/SoC/AI하드웨어 분야를 연구합니다."
POSTECH,이승구,47,67,"이승구 교수님은 네트워크 (무선 애드 혹 네트워킹), 고성능 컴퓨팅 (그리드 컴퓨팅), 실시간 컴퓨팅 분야를 연구합니다."
POSTECH,이재호,18,68,"이재호 교수님은 AI/머신러닝/컴퓨터비전, 효율적 머신러닝/딥러닝 경량화, AI/머신러닝/데이터사이언스 분야를 연구합니다."
POSTECH,이정수,146,63,"이정수 교수님은 반도체소자/나노전자/공정, 바이오/의료영상/헬스케어, 실리콘 반도체 소자 공정 분야를 연구합니다."
POSTECH,이지원,162,61,"이지원 교수님은 디스플레이/소프트전자/웨어러블, CMOS 이미지센서/픽셀 설계, 반도체공학 분야를 연구합니다."
POSTECH,전요셉,177,66,"전요셉 교수님은 무선통신/물리계층/통신용 머신러닝, MIMO communication systems 분야를 연구합니다."
POSTECH,정윤영,20,66,"정윤영 교수님은 반도체소자/나노전자/공정, 바이오/의료영상/헬스케어, 디스플레이/소프트전자/웨어러블 분야를 연구합니다."
POSTECH,조준호,29,63,"조준호 교수님은 디지털 통신 DIGITAL COMMUNICATIONS, 통신/정보이론/신호처리 분야를 연구합니다."
POSTECH,채수용,145,43,"채수용 교수님은 전력전자, 분산전원제어, 전력/에너지시스템 분야를 연구합니다."
POSTECH,최수석,145,63,"최수석 교수님은 디스플레이/소프트전자/웨어러블, 스마트 디스플레이/소프트 전자소자, 반도체공학 분야를 연구합니다."
POSTECH,한수희,21,65,"한수희 교수님은 로보틱스/제어/자율시스템, 전력/에너지시스템, 계산제어/모델예측제어/네트워크 제어 분야를 연구합니다."
POSTECH,한해욱,170,68,"한해욱 교수님은 바이오/의료영상/헬스케어, 양자/포토닉스/광학, 테라헤르츠 포토닉스/나노바이오 포토닉스 분야를 연구합니다."
POSTECH,홍원빈,155,64,"홍원빈 교수님은 디스플레이/소프트전자/웨어러블, 양자/포토닉스/광학, 디스플레이/포토닉스/광전자 분야를 연구합니다."
POSTECH,고성안,57,54,"고성안 교수님은 컴퓨터공학, 인간-AI 상호작용, AI/머신러닝/데이터사이언스 분야를 연구합니다."
POSTECH,곽수하,177,37,"곽수하 교수님은 컴퓨터비전, 영상인식, 객체검출 분야를 연구합니다."
POSTECH,김광선,47,52,"김광선 교수님은 반도체 회로/SoC/AI하드웨어, 컴퓨터공학, 컴퓨터시스템 분야를 연구합니다."
POSTECH,김동우,35,46,"김동우 교수님은 전산이론/알고리즘/그래프, 컴퓨터공학, 머신러닝 분야를 연구합니다."
POSTECH,김슬배,36,44,"김슬배 교수님은 컴퓨터 보안, 시스템 보안, 소프트웨어 보안 분야를 연구합니다."
POSTECH,김원화,171,46,"김원화 교수님은 전산이론/알고리즘/그래프, 컴퓨터공학, 의료AI 분야를 연구합니다."
POSTECH,김형훈,46,49,"김형훈 교수님은 컴퓨터공학, 자연어처리, AI/머신러닝/데이터사이언스 분야를 연구합니다."
POSTECH,류일우,49,48,"류일우 교수님은 컴퓨터공학, 의료영상, AI/머신러닝/데이터사이언스 분야를 연구합니다."
POSTECH,박상돈,35,44,"박상돈 교수님은 컴퓨터 보안, 시스템 보안, 소프트웨어 보안 분야를 연구합니다."
POSTECH,박상현,50,48,"박상현 교수님은 컴퓨터공학, 의료AI, AI/머신러닝/데이터사이언스 분야를 연구합니다."
POSTECH,박성우,40,51,"박성우 교수님은 컴퓨터공학, 프로그래밍언어, AI/머신러닝/데이터사이언스 분야를 연구합니다."
POSTECH,박은혁,35,52,"박은혁 교수님은 반도체 회로/SoC/AI하드웨어, 컴퓨터공학, 효율적 AI 분야를 연구합니다."
POSTECH,박지성,62,44,"박지성 교수님은 컴퓨터 보안, 시스템 보안, 소프트웨어 보안 분야를 연구합니다."
POSTECH,박찬익,34,44,"박찬익 교수님은 컴퓨터 보안, 시스템 보안, 소프트웨어 보안 분야를 연구합니다."
POSTECH,배경민,50,48,"배경민 교수님은 컴퓨터공학, 형식검증, AI/머신러닝/데이터사이언스 분야를 연구합니다."
POSTECH,백승환,65,48,"백승환 교수님은 컴퓨터공학, 계산영상, AI/머신러닝/데이터사이언스 분야를 연구합니다."
POSTECH,서영주,52,51,"서영주 교수님은 컴퓨터공학, AIoT, internet of things 분야를 연구합니다."
POSTECH,손진희,34,37,"손진희 교수님은 컴퓨터비전, 영상인식, 객체검출 분야를 연구합니다."
POSTECH,송황준,47,35,"송황준 교수님은 컴퓨터공학, 미디어 네트워킹 분야를 연구합니다."
POSTECH,안희갑,175,57,"안희갑 교수님은 전산이론/알고리즘/그래프, 컴퓨터공학, AI/머신러닝/데이터사이언스 분야를 연구합니다."
POSTECH,오은진,40,46,"오은진 교수님은 전산이론/알고리즘/그래프, 컴퓨터공학, 계산이론 분야를 연구합니다."
POSTECH,옥정슬,35,50,"옥정슬 교수님은 반도체 회로/SoC/AI하드웨어, 컴퓨터공학, 머신러닝 분야를 연구합니다."
POSTECH,유환조,36,48,"유환조 교수님은 전산이론/알고리즘/그래프, 컴퓨터공학, 데이터마이닝 분야를 연구합니다."
POSTECH,이근배,46,49,"이근배 교수님은 컴퓨터공학, 자연어처리, AI/머신러닝/데이터사이언스 분야를 연구합니다."
POSTECH,이남훈,45,45,"이남훈 교수님은 전산이론/알고리즘/그래프, 컴퓨터공학, 최적화 분야를 연구합니다."
POSTECH,이성진,62,59,"이성진 교수님은 반도체 회로/SoC/AI하드웨어, 전산이론/알고리즘/그래프, 컴퓨터공학 분야를 연구합니다."
POSTECH,이승용,36,51,"이승용 교수님은 컴퓨터공학, 컴퓨터그래픽스, AI/머신러닝/데이터사이언스 분야를 연구합니다."
POSTECH,이원열,57,51,"이원열 교수님은 컴퓨터공학, 프로그래밍언어, AI/머신러닝/데이터사이언스 분야를 연구합니다."
POSTECH,전광성,47,52,"전광성 교수님은 전산이론/알고리즘/그래프, 컴퓨터공학, 인터랙티브 머신러닝 분야를 연구합니다."
POSTECH,전명재,46,51,"전명재 교수님은 컴퓨터공학, 대규모 시스템, AI/머신러닝/데이터사이언스 분야를 연구합니다."
POSTECH,조민수,34,37,"조민수 교수님은 컴퓨터비전, 영상인식, 객체검출 분야를 연구합니다."
POSTECH,조성현,36,51,"조성현 교수님은 컴퓨터공학, 컴퓨터그래픽스, AI/머신러닝/데이터사이언스 분야를 연구합니다."
POSTECH,조은경,56,58,"조은경 교수님은 컴퓨터공학, human-computer interaction, HCI 분야를 연구합니다."
POSTECH,최승문,30,51,"최승문 교수님은 컴퓨터공학, HCI/햅틱스, AI/머신러닝/데이터사이언스 분야를 연구합니다."
POSTECH,한욱신,31,48,"한욱신 교수님은 전산이론/알고리즘/그래프, 컴퓨터공학, 데이터시스템 분야를 연구합니다."
POSTECH,황인석,53,54,"황인석 교수님은 컴퓨터공학, 인간중심 지능시스템, AI/머신러닝/데이터사이언스 분야를 연구합니다."
POSTECH,김영기,50,52,"김영기 교수님은 화학공학, 연성물질/스마트물질, 디스플레이/포토닉스/광전자 분야를 연구합니다."
POSTECH,김원배,46,43,"김원배 교수님은 차세대 이차전지, 리튬 배터리, 전고체전지 분야를 연구합니다."
POSTECH,김철주,60,48,"김철주 교수님은 화학공학, 나노전자재료, 디스플레이/포토닉스/광전자 분야를 연구합니다."
POSTECH,노용영,41,47,"노용영 교수님은 실리콘 반도체 소자 공정, 메모리 소자, 나노소자 분야를 연구합니다."
POSTECH,박태호,54,52,"박태호 교수님은 화학공학, 고분자 에너지재료, AI/머신러닝/데이터사이언스 분야를 연구합니다."
POSTECH,손재성,74,51,"손재성 교수님은 화학공학, 기능성 무기재료, AI/머신러닝/데이터사이언스 분야를 연구합니다."
POSTECH,용기중,69,35,"용기중 교수님은 화학공학, 나노재료/표면화학 분야를 연구합니다."
POSTECH,윤용주,45,47,"윤용주 교수님은 화학공학, 촉매/표면과학, 반도체 소자/공정/박막 분야를 연구합니다."
POSTECH,윤창원,61,37,"윤창원 교수님은 화학공학, 수소에너지 저장/운송 분야를 연구합니다."
POSTECH,이기라,44,51,"이기라 교수님은 화학공학, 콜로이드/자기조립, 디스플레이/포토닉스/광전자 분야를 연구합니다."
POSTECH,이상민,32,54,"이상민 교수님은 화학공학, 단백질 설계/전산재료, AI/머신러닝/데이터사이언스 분야를 연구합니다."
POSTECH,이정욱,35,55,"이정욱 교수님은 반도체 회로/SoC/AI하드웨어, 화학공학, 대사공학/합성생물학 분야를 연구합니다."
POSTECH,이준구,61,56,"이준구 교수님은 화학공학, 화학생물학/무세포 생체분자공학, 바이오/의생명/약물전달 분야를 연구합니다."
POSTECH,이효민,64,51,"이효민 교수님은 화학공학, 연성물질/계면공학, 디스플레이/포토닉스/광전자 분야를 연구합니다."
POSTECH,전상민,54,52,"전상민 교수님은 화학공학, 나노화학공학/센서, AI/머신러닝/데이터사이언스 분야를 연구합니다."
POSTECH,정규열,60,56,"정규열 교수님은 반도체 회로/SoC/AI하드웨어, 화학공학, 대사공학/합성생명공학 분야를 연구합니다."
POSTECH,정대성,43,50,"정대성 교수님은 화학공학, 고분자/유기전자재료, 반도체 소자/공정/박막 분야를 연구합니다."
POSTECH,정우빈,45,55,"정우빈 교수님은 화학공학, 전기화학 CMOS/바이오전자, 반도체 소자/공정/박막 분야를 연구합니다."
POSTECH,조길원,57,42,"조길원 교수님은 차세대 이차전지, 리튬 배터리, 화학공학 분야를 연구합니다."
POSTECH,조창신,48,43,"조창신 교수님은 차세대 이차전지, 리튬 배터리, 전고체전지 분야를 연구합니다."
POSTECH,차형준,34,51,"차형준 교수님은 화학공학, 생체분자소재/조직공학, 바이오/의생명/약물전달 분야를 연구합니다."
POSTECH,한지훈,46,33,"한지훈 교수님은 화학공학, 공정시스템공학 분야를 연구합니다."
POSTECH,강대환,60,63,"강대환 교수님은 반도체 회로/SoC/AI하드웨어, 칼코지나이드/산화물 반도체 메모리 소자/공정 분야를 연구합니다."
POSTECH,송재용,49,61,"송재용 교수님은 패키징/인터커넥트/신뢰성, 반도체공학, 이종집적/첨단패키징/전자패키징 소재 분야를 연구합니다."
POSTECH,정성웅,69,47,"정성웅 교수님은 실리콘 반도체 소자 공정, 메모리 소자, 나노소자 분야를 연구합니다."
POSTECH,감종훈,64,67,"감종훈 교수님은 환경/기후/지속가능에너지, Hydroclimatology, Environment AI 분야를 연구합니다."
POSTECH,민승기,82,61,"민승기 교수님은 환경/기후/지속가능에너지, Human influence on climate 분야를 연구합니다."
POSTECH,이형주,75,48,"이형주 교수님은 환경/기후/지속가능에너지, Air Pollution 분야를 연구합니다."
POSTECH,이기택,77,63,"이기택 교수님은 환경/기후/지속가능에너지, Oceanic carbon sequestration 분야를 연구합니다."
POSTECH,송우철,70,55,"송우철 교수님은 환경/기후/지속가능에너지, Membrane Separations 분야를 연구합니다."
POSTECH,조강우,66,58,"조강우 교수님은 환경/기후/지속가능에너지, Micropollutants Control 분야를 연구합니다."
